-- phpMyAdmin SQL Dump
-- version 4.8.5
-- https://www.phpmyadmin.net/
--
-- Host: localhost:3306
-- Generation Time: Oct 01, 2019 at 04:16 PM
-- Server version: 10.1.41-MariaDB-cll-lve
-- PHP Version: 7.2.7

SET SQL_MODE = "NO_AUTO_VALUE_ON_ZERO";
SET AUTOCOMMIT = 0;
START TRANSACTION;
SET time_zone = "+00:00";


/*!40101 SET @OLD_CHARACTER_SET_CLIENT=@@CHARACTER_SET_CLIENT */;
/*!40101 SET @OLD_CHARACTER_SET_RESULTS=@@CHARACTER_SET_RESULTS */;
/*!40101 SET @OLD_COLLATION_CONNECTION=@@COLLATION_CONNECTION */;
/*!40101 SET NAMES utf8mb4 */;

--
-- Database: `damansbu_digilog`
--

-- --------------------------------------------------------

--
-- Table structure for table `alpro`
--

CREATE TABLE `alpro` (
  `id` int(11) NOT NULL,
  `label` varchar(32) NOT NULL,
  `sto` varchar(3) NOT NULL,
  `kapasitas` int(4) NOT NULL,
  `color` varchar(25) NOT NULL
) ENGINE=InnoDB DEFAULT CHARSET=latin1;

--
-- Dumping data for table `alpro`
--

INSERT INTO `alpro` (`id`, `label`, `sto`, `kapasitas`, `color`) VALUES
(1, 'ODC-GSK-FAB', 'GSK', 144, '#93c47d'),
(2, 'ODC-GSK-FAK', 'GSK', 144, '#4ba008'),
(3, 'ODC-GSK-FB', 'GSK', 288, '#b5955a'),
(4, 'ODC-GSK-FG', 'GSK', 144, ''),
(5, 'ODC-GSK-FM', 'GSK', 144, '#989dda'),
(6, 'FTM-GSK-OA-01', 'GSK', 288, ''),
(7, 'ODC-GSK-FR', 'GSK', 144, '#e06666'),
(8, 'ODC-GSK-FK', 'GSK', 144, '#f1c232'),
(9, 'ODC-GSK-FH', 'GSK', 144, '#72a1ea'),
(10, 'ODC-GSK-FZ', 'GSK', 144, '#00b0f0'),
(11, 'ODC-GSK-FAA', 'GSK', 144, '#009cd8'),
(12, 'ODC-GSK-FJ', 'GSK', 144, '#00bf44'),
(13, 'ODC-GSK-FAD', 'GSK', 144, '#43c7b5'),
(14, 'ODC-GSK-FP', 'GSK', 144, '#f38ef5'),
(15, 'ODC-GSK-FS', 'GSK', 144, '#8eaef5'),
(16, 'ODC-GSK-FAE', 'GSK', 144, '#f5f920'),
(17, 'ODC-GSK-FQ', 'GSK', 144, '#fd5c38'),
(18, 'ODC-GSK-FL', 'GSK', 144, '#ef4363'),
(19, 'ODC-GSK-FX', 'GSK', 144, '#cbde2a'),
(20, 'ODC-GSK-FN', 'GSK', 144, '#9aceda'),
(21, 'ODC-GSK-FAJ', 'GSK', 144, '#00ca10'),
(22, 'ODC-GSK-FAG', 'GSK', 144, '#ff9447'),
(23, 'ODC-GSK-FAF', 'GSK', 144, '#fbdd81'),
(24, 'ODC-GSK-FFA', 'GSK', 144, '#0e65eb'),
(25, 'ODC-GSK-FAP', 'GSK', 144, '#b4da98'),
(26, 'FTM-GSK-OA-02', 'GSK', 288, ''),
(27, 'ODC-GSK-FAM', 'GSK', 144, '#f53a8f'),
(28, 'ODC-GSK-FY', 'GSK', 144, '#96b0ca'),
(30, 'ODC-GSK-FAV', 'GSK', 144, '#b78c7e'),
(31, 'ODC-GSK-FAT', 'GSK', 144, '#cdf3a5'),
(32, 'ODC-GSK-FAC', 'GSK', 144, '#f3a5c1'),
(34, 'ODC-GSK-FAL', 'GSK', 144, '#f4f7be'),
(35, 'FTM-LKS-OA-01', 'LKI', 288, ''),
(36, 'FTM-LKS-OA-02', 'LKI', 288, ''),
(37, 'ODC-LKS-FBK', 'LKI', 144, '');

-- --------------------------------------------------------

--
-- Table structure for table `ftm`
--

CREATE TABLE `ftm` (
  `id` int(3) NOT NULL,
  `id_sto` int(3) NOT NULL,
  `label` varchar(25) NOT NULL
) ENGINE=InnoDB DEFAULT CHARSET=latin1;

--
-- Dumping data for table `ftm`
--

INSERT INTO `ftm` (`id`, `id_sto`, `label`) VALUES
(1, 1, 'FTM-BPG-OA-01'),
(2, 1, 'FTM-BPG-OA-02'),
(3, 2, 'FTM-CRM-OA-01'),
(4, 2, 'FTM-CRM-OA-02'),
(5, 3, 'FTM-DDS-OA-01'),
(6, 3, 'FTM-DDS-OA-02'),
(7, 4, 'FTM-GSK-OA-01'),
(8, 4, 'FTM-GSK-OA-02'),
(9, 5, 'FTM-KDE-OA-01'),
(10, 5, 'FTM-KDE-OA-02'),
(11, 6, 'FTM-SDY-OA-01'),
(12, 6, 'FTM-SDY-OA-02'),
(13, 7, 'FTM-LKS-OA-01'),
(14, 7, 'FTM-LKS-OA-02');

-- --------------------------------------------------------

--
-- Table structure for table `logbook`
--

CREATE TABLE `logbook` (
  `id` int(11) NOT NULL,
  `sto` varchar(32) NOT NULL,
  `alpro` varchar(32) NOT NULL,
  `nama` varchar(256) NOT NULL,
  `nik` varchar(64) NOT NULL,
  `loker` varchar(256) NOT NULL,
  `aktifitas` varchar(512) NOT NULL,
  `hasil` varchar(128) NOT NULL,
  `tanggal` date NOT NULL,
  `file` text NOT NULL,
  `file_after` text NOT NULL
) ENGINE=InnoDB DEFAULT CHARSET=latin1;

--
-- Dumping data for table `logbook`
--

INSERT INTO `logbook` (`id`, `sto`, `alpro`, `nama`, `nik`, `loker`, `aktifitas`, `hasil`, `tanggal`, `file`, `file_after`) VALUES
(1, '', '', '', '', '', '', '', '0000-00-00', '', ''),
(83, '1', 'ODC-BPG-FB', 'Romi', '55', 'Provisioning', '1', 'LOOK', '2019-05-09', 'ftm24.jpg', 'ftm12.jpg'),
(85, '4', '0', 'AKHMAD ROFII', '845929', 'Maintenance', 'perapian ftm', 'LOOK', '2019-06-03', 'IMG_20190603_093453_080.jpg', 'IMG_20190603_093459_559.jpg'),
(86, '4', 'ODC-GSK-FAB', 'Aditya R', '91170063', '', 'Cek', 'LOOK', '2019-09-19', 'IMG_20190919_093808.jpg', 'IMG_20190919_093808.jpg'),
(87, '6', '0', 'Jayeng', '916002', '', 'Perbaikan mancore', 'LOOK', '2019-09-19', 'IMG_20190919_055202_355.jpg', 'IMG_20190919_055142_228.jpg');

-- --------------------------------------------------------

--
-- Table structure for table `member`
--

CREATE TABLE `member` (
  `id` int(11) NOT NULL,
  `username` varchar(128) NOT NULL,
  `nama` varchar(128) NOT NULL,
  `password` varchar(512) NOT NULL,
  `level` int(1) NOT NULL
) ENGINE=InnoDB DEFAULT CHARSET=latin1;

--
-- Dumping data for table `member`
--

INSERT INTO `member` (`id`, `username`, `nama`, `password`, `level`) VALUES
(1, 'ruben.siregar', 'Ruben Allpio Siregar', '57ba172a6be125cca2f449826f9980ca', 1),
(2, 'jayeng', 'Jayeng Widiatmoko', 'fbb98583b7637fd0c3060bff071b70e8', 0);

-- --------------------------------------------------------

--
-- Table structure for table `odc`
--

CREATE TABLE `odc` (
  `id` int(3) NOT NULL,
  `id_sto` int(3) NOT NULL,
  `label` varchar(15) NOT NULL
) ENGINE=InnoDB DEFAULT CHARSET=latin1;

--
-- Dumping data for table `odc`
--

INSERT INTO `odc` (`id`, `id_sto`, `label`) VALUES
(1, 1, 'ODC-BPG-FA'),
(2, 1, 'ODC-BPG-FB'),
(3, 1, 'ODC-BPG-FC'),
(4, 1, 'ODC-BPG-FD'),
(5, 1, 'ODC-BPG-FE'),
(6, 2, 'ODC-CRM-FB'),
(7, 2, 'ODC-CRM-FF'),
(8, 2, 'ODC-CRM-FG'),
(9, 2, 'ODC-CRM-FK'),
(10, 2, 'ODC-CRM-FL'),
(11, 3, 'ODC-DDS-FA'),
(12, 3, 'ODC-DDS-FB'),
(13, 3, 'ODC-DDS-FC'),
(14, 4, 'ODC-GSK-FAB'),
(15, 4, 'ODC-GSK-FAK'),
(16, 4, 'ODC-GSK-FB'),
(17, 4, 'ODC-GSK-FG'),
(18, 4, 'ODC-GSK-FM'),
(19, 5, 'ODC-KDE-FAD'),
(20, 5, 'ODC-KDE-FAE'),
(21, 5, 'ODC-KDE-FAF'),
(22, 5, 'ODC-KDE-FAH'),
(23, 5, 'ODC-KDE-FAJ'),
(24, 6, 'ODC-SDY-FC'),
(25, 6, 'ODC-SDY-FD'),
(26, 6, 'ODC-SDY-FJ'),
(27, 6, 'ODC-SDY-FM'),
(28, 6, 'ODC-SDY-FM'),
(29, 7, 'ODC-LKS-FBK');

-- --------------------------------------------------------

--
-- Table structure for table `olt`
--

CREATE TABLE `olt` (
  `id` int(3) NOT NULL,
  `label` varchar(150) NOT NULL
) ENGINE=InnoDB DEFAULT CHARSET=latin1;

--
-- Dumping data for table `olt`
--

INSERT INTO `olt` (`id`, `label`) VALUES
(1, 'GPON01-D5-GSK-3(172.27.140.25)[OLT 1, ZTE ZXA10 C220 Physical Device]'),
(2, 'GPON01-D5-GSK-3(172.27.140.165)[OLT 2, ZTE]'),
(3, 'GPON02-D5-GSK-3(172.27.141.41)[OLT 3, ZTE ZXA10 C300 Physical Device]'),
(4, 'GPON04-D5-GSK-3(172.27.142.133)[OLT 4, ZTE ZXA10 C300 Physical Device]');

-- --------------------------------------------------------

--
-- Table structure for table `sto`
--

CREATE TABLE `sto` (
  `id` int(3) NOT NULL,
  `label` varchar(3) NOT NULL
) ENGINE=InnoDB DEFAULT CHARSET=latin1;

--
-- Dumping data for table `sto`
--

INSERT INTO `sto` (`id`, `label`) VALUES
(1, 'BPG'),
(2, 'CRM'),
(3, 'DDS'),
(4, 'GSK'),
(5, 'KDE'),
(6, 'SDY'),
(7, 'LKI');

-- --------------------------------------------------------

--
-- Table structure for table `tb_color`
--

CREATE TABLE `tb_color` (
  `id` int(3) NOT NULL,
  `color` varchar(10) NOT NULL,
  `name` varchar(10) NOT NULL
) ENGINE=InnoDB DEFAULT CHARSET=latin1;

--
-- Dumping data for table `tb_color`
--

INSERT INTO `tb_color` (`id`, `color`, `name`) VALUES
(1, '#ccffb3', 'SPL-A'),
(2, '#b3ccff', 'SPL-B'),
(3, '#80dfff', 'SPL-C'),
(4, '#ffbb99', 'SPL-D'),
(5, '#ffff80', 'SPL-E'),
(6, '#99e6e6', 'SPL-F'),
(7, '#dfbe9f', 'SPL-G'),
(8, '#fd487c', 'SPL-H'),
(9, '#ff9999', 'SPL-I'),
(10, '#1e9673', 'SPL-J'),
(11, '#e06f23', 'SPL-K'),
(12, '#a93fce', 'SPL-L'),
(13, '#ff4d4d', 'SPL-M'),
(14, '#4d94ff', 'SPL-N'),
(15, '#b3cccc', 'SPL-O'),
(16, '#53c68c', 'SPL-P'),
(17, '#cccc00', 'SPL-Q'),
(18, '#6f6fdc', 'SPL-R'),
(19, '#ff66ff', 'SPL-S'),
(20, '#ff8c1a', 'SPL-T'),
(21, '#1a8cff', 'SPL-U'),
(22, '#ccccb3', 'SPL-V'),
(23, '#ff3333', 'SPL-W'),
(24, '#00cc00', 'SPL-X'),
(25, '#85a3e0', 'SPL-Y'),
(26, '#ffe6ff', 'SPL-Z'),
(27, '#a3ccad', 'SPL-AA'),
(28, '#5c73d1', 'SPL-AB'),
(29, '#00f2ff', 'SPL-AC'),
(30, '#adadff', 'SPL-AD'),
(31, '#a3ccad', 'SPL-AE'),
(32, '#c2009e', 'SPL-AF'),
(33, '#0059ff', 'SPL-AG'),
(34, '#2bad52', 'SPL-AH'),
(35, '#e68a47', 'SPL-AI'),
(36, '#8c548f', 'SPL-AJ'),
(37, '#91916e', 'SPL-AK'),
(38, '#0099ff', 'SPL-AL'),
(40, '#ccffff', 'SPL-AM'),
(41, '#e0d6eb', 'SPL-AN'),
(42, '#c7ffeb', 'SPL-AO'),
(43, '#c7f0ff', 'SPL-AP'),
(44, '#b0abff', 'SPL-AQ'),
(45, '#d9ffe6', 'SPL-AR'),
(46, '#a3ccad', 'SPL-AS'),
(47, '#e8ffc7', 'SPL-AT'),
(48, '#ccbfbf', 'SPL-AU'),
(49, '#ccccff', 'SPL-AV'),
(50, '#ffccff', 'SPL-AW'),
(51, '#70eb2e', 'SPL-AX'),
(52, '#a33d00', 'SPL-AY'),
(53, '#52705c', 'SPL-AZ'),
(100, '#e8dcad', 'STUB');

-- --------------------------------------------------------

--
-- Table structure for table `tb_colorin`
--

CREATE TABLE `tb_colorin` (
  `id` int(2) NOT NULL,
  `name` varchar(10) NOT NULL,
  `color` varchar(10) NOT NULL
) ENGINE=InnoDB DEFAULT CHARSET=latin1;

--
-- Dumping data for table `tb_colorin`
--

INSERT INTO `tb_colorin` (`id`, `name`, `color`) VALUES
(1, 'A.1', '#ccffb3'),
(2, 'A.2', '#ccffb3'),
(3, 'A.3', '#ccffb3'),
(4, 'A.4', '#ccffb3'),
(5, 'B.1', '#b3ccff'),
(6, 'B.2', '#b3ccff'),
(7, 'B.3', '#b3ccff'),
(8, 'B.4', '#b3ccff'),
(9, 'C.1', '#80dfff'),
(10, 'C.2', '#80dfff'),
(11, 'C.3', '#80dfff'),
(12, 'C.4', '#80dfff'),
(13, 'D.1', '#ffbb99'),
(14, 'D.2', '#ffbb99'),
(15, 'D.3', '#ffbb99'),
(16, 'D.4', '#ffbb99'),
(17, 'E.1', '#ffff80'),
(18, 'E.2', '#ffff80'),
(19, 'E.3', '#ffff80'),
(20, 'E.4', '#ffff80'),
(21, 'F.1', '#99e6e6'),
(22, 'F.2', '#99e6e6'),
(23, 'F.3', '#99e6e6'),
(24, 'F.4', '#99e6e6'),
(25, 'G.1', '#dfbe9f'),
(26, 'G.2', '#dfbe9f'),
(27, 'G.3', '#dfbe9f'),
(28, 'G.4', '#dfbe9f'),
(29, 'H.1', '#fd487c'),
(30, 'H.2', '#fd487c'),
(31, 'H.3', '#fd487c'),
(32, 'H.4', '#fd487c'),
(33, 'I.1', '#ff9999'),
(34, 'I.2', '#ff9999'),
(35, 'I.3', '#ff9999'),
(36, 'I.4', '#ff9999'),
(37, 'J.1', '#1e9673'),
(38, 'J.2', '#1e9673'),
(39, 'J.3', '#1e9673'),
(40, 'J.4', '#1e9673'),
(41, 'K.1', '#e06f23'),
(42, 'K.2', '#e06f23'),
(43, 'K.3', '#e06f23'),
(44, 'K.4', '#e06f23'),
(45, 'L.1', '#a93fce'),
(46, 'L.2', '#a93fce'),
(47, 'L.3', '#a93fce'),
(48, 'L.4', '#a93fce'),
(49, 'M.1', '#ff4d4d'),
(50, 'M.2', '#ff4d4d'),
(51, 'M.3', '#ff4d4d'),
(52, 'M.4', '#ff4d4d'),
(53, 'N.1', '#4d94ff'),
(54, 'N.2', '#4d94ff'),
(55, 'N.3', '#4d94ff'),
(56, 'N.4', '#4d94ff'),
(57, 'O.1', '#b3cccc'),
(58, 'O.2', '#b3cccc'),
(59, 'O.3', '#b3cccc'),
(60, 'O.4', '#b3cccc'),
(61, 'P.1', '#53c68c'),
(62, 'P.2', '#53c68c'),
(63, 'P.3', '#53c68c'),
(64, 'P.4', '#53c68c'),
(65, 'Q.1', '#cccc00'),
(66, 'Q.2', '#cccc00'),
(67, 'Q.3', '#cccc00'),
(68, 'Q.4', '#cccc00'),
(69, 'R.1', '#6f6fdc'),
(70, 'R.2', '#6f6fdc'),
(71, 'R.3', '#6f6fdc'),
(72, 'R.4', '#6f6fdc'),
(73, 'S.1', '#ff66ff'),
(74, 'S.2', '#ff66ff'),
(75, 'S.3', '#ff66ff'),
(76, 'S.4', '#ff66ff'),
(77, 'T.1', '#ff8c1a'),
(78, 'T.2', '#ff8c1a'),
(79, 'T.3', '#ff8c1a'),
(80, 'T.4', '#ff8c1a'),
(81, 'U.1', '#1a8cff'),
(82, 'U.2', '#1a8cff'),
(83, 'U.3', '#1a8cff'),
(84, 'U.4', '#1a8cff'),
(85, 'V.1', '#ccccb3'),
(86, 'V.2', '#ccccb3'),
(87, 'V.3', '#ccccb3'),
(88, 'V.4', '#ccccb3'),
(89, 'W.1', '#ff3333'),
(90, 'W.2', '#ff3333'),
(91, 'W.3', '#ff3333'),
(92, 'W.4', '#ff3333'),
(93, 'X.1', '#00cc00'),
(94, 'X.2', '#00cc00'),
(95, 'X.3', '#00cc00'),
(96, 'X.4', '#00cc00'),
(97, 'Y.1', '#85a3e0'),
(98, 'Y.2', '#85a3e0'),
(99, 'Y.3', '#85a3e0'),
(100, 'Y.4', '#85a3e0'),
(101, 'Z.1', '#ffe6ff'),
(102, 'Z.2', '#ffe6ff'),
(103, 'Z.3', '#ffe6ff'),
(104, 'Z.4', '#ffe6ff'),
(313, 'AA.1', '#a3ccad'),
(314, 'AA.2', '#a3ccad'),
(315, 'AA.3', '#a3ccad'),
(316, 'AA.4', '#a3ccad'),
(317, 'AB.1', '#5c73d1'),
(318, 'AB.2', '#5c73d1'),
(319, 'AB.3', '#5c73d1'),
(320, 'AB.4', '#5c73d1'),
(321, 'AC.1', '#00f2ff'),
(322, 'AC.2', '#00f2ff'),
(323, 'AC.3', '#00f2ff'),
(324, 'AC.4', '#00f2ff'),
(325, 'AD.1', '#adadff'),
(326, 'AD.2', '#adadff'),
(327, 'AD.3', '#adadff'),
(328, 'AD.4', '#adadff'),
(329, 'AE.1', '#a3ccad'),
(330, 'AE.2', '#a3ccad'),
(331, 'AE.3', '#a3ccad'),
(332, 'AE.4', '#a3ccad'),
(333, 'AF.1', '#c2009e'),
(334, 'AF.2', '#c2009e'),
(335, 'AF.3', '#c2009e'),
(336, 'AF.4', '#c2009e'),
(337, 'AG.1', '#0059ff'),
(338, 'AG.2', '#0059ff'),
(339, 'AG.3', '#0059ff'),
(340, 'AG.4', '#0059ff'),
(341, 'AH.1', '#2bad52'),
(342, 'AH.2', '#2bad52'),
(343, 'AH.3', '#2bad52'),
(344, 'AH.4', '#2bad52'),
(345, 'AI.1', '#e68a47'),
(346, 'AI.2', '#e68a47'),
(347, 'AI.3', '#e68a47'),
(348, 'AI.4', '#e68a47'),
(349, 'AJ.1', '#8c548f'),
(350, 'AJ.2', '#8c548f'),
(351, 'AJ.3', '#8c548f'),
(352, 'AJ.4', '#8c548f'),
(353, 'AK.1', '#91916e'),
(354, 'AK.2', '#91916e'),
(355, 'AK.3', '#91916e'),
(356, 'AK.4', '#91916e'),
(357, 'AL.1', '#0099ff'),
(358, 'AL.2', '#0099ff'),
(359, 'AL.3', '#0099ff'),
(360, 'AL.4', '#0099ff'),
(361, 'AM.1', '#ccffff'),
(362, 'AM.2', '#ccffff'),
(363, 'AM.3', '#ccffff'),
(364, 'AM.4', '#ccffff'),
(365, 'AN.1', '#e0d6eb'),
(366, 'AN.2', '#e0d6eb'),
(367, 'AN.3', '#e0d6eb'),
(368, 'AN.4', '#e0d6eb'),
(369, 'AO.1', '#c7ffeb'),
(370, 'AO.2', '#c7ffeb'),
(371, 'AO.3', '#c7ffeb'),
(372, 'AO.4', '#c7ffeb'),
(373, 'AP.1', '#c7f0ff'),
(374, 'AP.2', '#c7f0ff'),
(375, 'AP.3', '#c7f0ff'),
(376, 'AP.4', '#c7f0ff'),
(377, 'AQ.1', '#b0abff'),
(378, 'AQ.2', '#b0abff'),
(379, 'AQ.3', '#b0abff'),
(380, 'AQ.4', '#b0abff'),
(381, 'AR.1', '#d9ffe6'),
(382, 'AR.2', '#d9ffe6'),
(383, 'AR.3', '#d9ffe6'),
(384, 'AR.4', '#d9ffe6'),
(385, 'AS.1', '#a3ccad'),
(386, 'AS.2', '#a3ccad'),
(387, 'AS.3', '#a3ccad'),
(388, 'AS.4', '#a3ccad'),
(389, 'AT.1', '#e8ffc7'),
(390, 'AT.2', '#e8ffc7'),
(391, 'AT.3', '#e8ffc7'),
(392, 'AT.4', '#e8ffc7'),
(393, 'AU.1', '#ccbfbf'),
(394, 'AU.2', '#ccbfbf'),
(395, 'AU.3', '#ccbfbf'),
(396, 'AU.4', '#ccbfbf'),
(397, 'AV.1', '#ccccff'),
(398, 'AV.2', '#ccccff'),
(399, 'AV.3', '#ccccff'),
(400, 'AV.4', '#ccccff'),
(401, 'AW.1', '#ffccff'),
(402, 'AW.2', '#ffccff'),
(403, 'AW.3', '#ffccff'),
(404, 'AW.4', '#ffccff'),
(405, 'AX.1', '#70eb2e'),
(406, 'AX.2', '#70eb2e'),
(407, 'AX.3', '#70eb2e'),
(408, 'AX.4', '#70eb2e'),
(409, 'AY.1', '#a33d00'),
(410, 'AY.2', '#a33d00'),
(411, 'AY.3', '#a33d00'),
(412, 'AY.4', '#a33d00'),
(413, 'AZ.1', '#52705c'),
(414, 'AZ.2', '#52705c'),
(415, 'AZ.3', '#52705c'),
(416, 'AZ.4', '#52705c');

-- --------------------------------------------------------

--
-- Table structure for table `tb_distribution`
--

CREATE TABLE `tb_distribution` (
  `id` int(2) NOT NULL,
  `name` varchar(10) NOT NULL,
  `color` varchar(10) NOT NULL
) ENGINE=InnoDB DEFAULT CHARSET=latin1;

--
-- Dumping data for table `tb_distribution`
--

INSERT INTO `tb_distribution` (`id`, `name`, `color`) VALUES
(1, 'D01', '#0051ff'),
(2, 'D02', '#ff8e07'),
(3, 'D03', '#129e32'),
(4, 'D04', '#805a1a'),
(5, 'D05', '#888f96'),
(6, 'D06', '#f7f7f7'),
(7, 'D07', '#ef1328'),
(8, 'D08', '#312c2c'),
(9, 'D09', '#f1d62d'),
(10, 'D010', '#9f30b9'),
(11, 'D011', '#f54fc4'),
(12, 'D012', '#30d4e2');

-- --------------------------------------------------------

--
-- Table structure for table `tb_feeder`
--

CREATE TABLE `tb_feeder` (
  `id` int(5) NOT NULL,
  `id_alpro` int(5) NOT NULL,
  `id_panel` int(2) DEFAULT NULL,
  `id_port` int(2) DEFAULT NULL,
  `id_distrib` int(2) DEFAULT NULL,
  `id_color` int(5) DEFAULT NULL,
  `distrib` varchar(10) DEFAULT NULL,
  `panel_in` varchar(15) DEFAULT NULL,
  `panel_out_splitter` varchar(10) DEFAULT NULL,
  `panel_out_odp` varchar(255) DEFAULT NULL
) ENGINE=InnoDB DEFAULT CHARSET=latin1;

--
-- Dumping data for table `tb_feeder`
--

INSERT INTO `tb_feeder` (`id`, `id_alpro`, `id_panel`, `id_port`, `id_distrib`, `id_color`, `distrib`, `panel_in`, `panel_out_splitter`, `panel_out_odp`) VALUES
(1, 2, 2, 1, 0, 1, '', ' S/P OLT 4/9/5', 'SPL-A', NULL),
(2, 2, 2, 2, 0, 2, '', 'S/P OLT 4/9/6', 'SPL-B', NULL),
(3, 2, 2, 3, 0, 3, 'D05', 'S/P OLT 4/9/7', 'SPL-C', NULL),
(5, 2, 2, 4, 0, 4, 'D09', 'S/P OLT 4/9/8', 'SPL-D', NULL),
(8, 2, 2, 5, 0, 5, '', 'S/P OLT 4/9/9', 'SPL-E', NULL),
(9, 2, 2, 6, 0, 6, '', 'S/P OLT 4/9/10', 'SPL-F', NULL),
(12, 2, 2, 7, 0, 7, '', 'S/P OLT 4/9/11', 'SPL-G', NULL),
(31, 2, 4, 2, 0, 1, '', 'D.2', NULL, 'FAK/14'),
(32, 2, 4, 3, 0, 1, '', 'D.3', NULL, 'FAK/15'),
(33, 2, 4, 4, 0, 1, '', 'D.4', NULL, 'FAK/16'),
(34, 2, 5, 9, 0, 0, 'D02', 'E.4', NULL, 'FAK/20'),
(35, 2, 5, 2, 0, 0, '', 'F.1', NULL, 'FAK/21'),
(36, 2, 4, 5, 0, 0, '', 'E.1', NULL, 'FAK/17'),
(70, 2, 5, 4, NULL, NULL, '', 'F.3', NULL, 'FAK/23'),
(72, 2, 5, 3, NULL, NULL, '', 'F.2', NULL, 'FAK/22'),
(73, 2, 4, 6, NULL, NULL, '', 'E.2', NULL, 'FAK/18'),
(74, 2, 2, 8, NULL, NULL, NULL, 'S/P OLT 3/4/3', 'SPL-H', NULL),
(75, 2, 2, 9, NULL, NULL, NULL, 'S/P OLT 4/13/9', 'SPL-I', NULL),
(76, 2, 2, 10, NULL, NULL, NULL, 'S/P OLT 4/13/10', 'SPL-J', NULL),
(77, 2, 2, 11, NULL, NULL, '', 'S/P OLT 4/13/11', 'SPL-K', NULL),
(78, 2, 2, 12, NULL, NULL, NULL, 'S/P OLT 5/14/7', 'SPL-L', NULL),
(79, 2, 3, 1, NULL, NULL, 'D01', 'A.1', NULL, 'FAK/01'),
(81, 2, 3, 3, NULL, NULL, '', 'A.3', NULL, 'FAK/03'),
(82, 2, 3, 4, NULL, NULL, '', 'A.4', NULL, 'FAK/04'),
(83, 2, 3, 5, NULL, NULL, '', 'B.1', NULL, 'FAK/05'),
(84, 2, 3, 6, NULL, NULL, '', 'B.2', NULL, 'FAK/06'),
(85, 2, 3, 7, NULL, NULL, '', 'B.3', NULL, 'FAK/07'),
(86, 2, 3, 8, NULL, NULL, '', 'B.4', NULL, 'FAK/08'),
(87, 2, 3, 9, NULL, NULL, '', 'C.1', NULL, 'FAK/09'),
(88, 2, 3, 10, NULL, NULL, '', 'C.2', NULL, 'FAK/10'),
(89, 2, 3, 11, NULL, NULL, '', 'C.3', NULL, 'FAK/11'),
(90, 2, 3, 12, NULL, NULL, '', 'C.4', NULL, 'FAK/12'),
(91, 2, 4, 7, NULL, NULL, '', 'E.3', NULL, 'FAK/19'),
(92, 2, 4, 1, NULL, NULL, 'D01', 'D.1', NULL, 'FAK/13'),
(93, 2, 1, 1, NULL, NULL, '', '', NULL, NULL),
(94, 2, 1, 2, NULL, NULL, '', '', NULL, NULL),
(95, 2, 1, 3, NULL, NULL, '', '', NULL, NULL),
(96, 2, 1, 4, NULL, NULL, '', '', NULL, NULL),
(97, 2, 1, 5, NULL, NULL, '', '', NULL, NULL),
(98, 2, 1, 6, NULL, NULL, '', '', NULL, NULL),
(99, 2, 1, 7, NULL, NULL, '', '', NULL, NULL),
(100, 2, 1, 8, NULL, NULL, '', '', NULL, NULL),
(101, 2, 1, 9, NULL, NULL, '', '', NULL, NULL),
(102, 2, 1, 10, NULL, NULL, '', '', NULL, NULL),
(103, 2, 1, 11, NULL, NULL, '', '', NULL, NULL),
(104, 2, 1, 12, NULL, NULL, '', '', NULL, NULL),
(105, 2, 4, 8, NULL, NULL, '', '', 'STUB', NULL),
(106, 2, 4, 9, NULL, NULL, '', '', 'STUB', NULL),
(107, 2, 4, 10, NULL, NULL, '', '', 'STUB', NULL),
(108, 2, 4, 11, NULL, NULL, '', '', 'STUB', NULL),
(109, 2, 4, 12, NULL, NULL, '', '', 'STUB', NULL),
(111, 2, 5, 5, NULL, NULL, '', 'F.4', NULL, 'FAK/24'),
(112, 2, 5, 6, NULL, NULL, '', 'G.1', NULL, 'FAK/25'),
(113, 2, 5, 7, NULL, NULL, '', 'G.2', NULL, 'FAK/26'),
(114, 2, 5, 8, NULL, NULL, '', 'G.3', NULL, 'FAK/27'),
(115, 2, 5, 10, NULL, NULL, '', '', 'STUB', NULL),
(116, 2, 5, 11, NULL, NULL, '', '', 'STUB', NULL),
(117, 2, 5, 12, NULL, NULL, '', '', 'STUB', NULL),
(124, 2, 5, 1, NULL, NULL, '', '', 'STUB', NULL),
(128, 2, 6, 1, NULL, NULL, 'D04', 'G.4', NULL, 'FAK/28'),
(129, 2, 6, 2, NULL, NULL, '', '', 'STUB', NULL),
(130, 2, 6, 3, NULL, NULL, '', '', 'STUB', NULL),
(131, 2, 6, 4, NULL, NULL, NULL, '', 'STUB', ''),
(132, 2, 6, 5, NULL, NULL, NULL, '', 'STUB', ''),
(133, 2, 6, 6, NULL, NULL, NULL, '', 'STUB', ''),
(134, 2, 6, 7, NULL, NULL, NULL, '', 'STUB', ''),
(135, 2, 6, 8, NULL, NULL, NULL, '', 'STUB', ''),
(136, 2, 6, 9, NULL, NULL, NULL, '', 'STUB', ''),
(137, 2, 6, 10, NULL, NULL, NULL, '', 'STUB', ''),
(138, 2, 6, 11, NULL, NULL, NULL, '', 'STUB', ''),
(139, 2, 6, 12, NULL, NULL, NULL, '', 'STUB', ''),
(140, 2, 7, 1, NULL, NULL, 'D05', 'I.1', NULL, 'FAK/29'),
(141, 2, 7, 2, NULL, NULL, NULL, 'I.2', NULL, 'FAK/30'),
(142, 2, 7, 3, NULL, NULL, NULL, 'I.3', NULL, 'FAK/31'),
(143, 2, 7, 4, NULL, NULL, NULL, '', 'STUB', NULL),
(144, 2, 7, 5, NULL, NULL, NULL, '', 'STUB', NULL),
(145, 2, 7, 6, NULL, NULL, NULL, 'J.1', NULL, 'FAK/34'),
(146, 2, 7, 7, NULL, NULL, NULL, 'J.2', NULL, 'FAK/35'),
(147, 2, 7, 8, NULL, NULL, NULL, 'J.3', NULL, 'FAK/36'),
(148, 2, 7, 9, NULL, NULL, NULL, 'J.4', NULL, 'FAK/33'),
(149, 2, 7, 10, NULL, NULL, NULL, '', 'STUB', NULL),
(150, 2, 7, 11, NULL, NULL, NULL, '', 'STUB', NULL),
(151, 2, 7, 12, NULL, NULL, NULL, '', 'STUB', NULL),
(152, 2, 8, 1, NULL, NULL, NULL, '', '', ''),
(153, 2, 8, 2, NULL, NULL, NULL, '', '', ''),
(154, 2, 8, 3, NULL, NULL, NULL, '', '', ''),
(155, 2, 8, 4, NULL, NULL, NULL, '', '', ''),
(156, 2, 8, 5, NULL, NULL, NULL, '', '', ''),
(157, 2, 8, 6, NULL, NULL, NULL, '', '', ''),
(158, 2, 8, 7, NULL, NULL, NULL, '', '', ''),
(159, 2, 8, 8, NULL, NULL, NULL, '', '', ''),
(160, 2, 8, 9, NULL, NULL, NULL, '', '', ''),
(161, 2, 8, 10, NULL, NULL, NULL, '', '', ''),
(162, 2, 8, 11, NULL, NULL, NULL, '', '', ''),
(163, 2, 8, 12, NULL, NULL, NULL, '', '', ''),
(164, 2, 9, 1, NULL, NULL, 'D06', 'K.1', NULL, 'FAK/37'),
(165, 2, 9, 2, NULL, NULL, '', 'K.2', NULL, 'FAK/38'),
(166, 2, 9, 3, NULL, NULL, '', 'K.3', NULL, 'FAK/39'),
(167, 2, 9, 4, NULL, NULL, '', 'K.4', NULL, 'FAK/40'),
(168, 2, 9, 5, NULL, NULL, '', '', 'STUB', NULL),
(169, 2, 9, 6, NULL, NULL, '', '', 'STUB', NULL),
(170, 2, 9, 7, NULL, NULL, '', '', 'STUB', NULL),
(171, 2, 9, 8, NULL, NULL, '', '', 'STUB', NULL),
(172, 2, 9, 9, NULL, NULL, '', '', 'STUB', NULL),
(173, 2, 9, 10, NULL, NULL, '', '', 'STUB', NULL),
(174, 2, 9, 11, NULL, NULL, '', '', 'STUB', NULL),
(175, 2, 9, 12, NULL, NULL, '', '', 'STUB', NULL),
(176, 2, 10, 1, NULL, NULL, 'D07', 'L.1', NULL, 'FAK/41'),
(177, 2, 10, 2, NULL, NULL, '', '', 'STUB', NULL),
(178, 2, 10, 3, NULL, NULL, '', '', 'STUB', NULL),
(179, 2, 10, 4, NULL, NULL, '', '', 'STUB', NULL),
(180, 2, 10, 5, NULL, NULL, '', '', 'STUB', NULL),
(181, 2, 10, 6, NULL, NULL, '', '', 'STUB', NULL),
(182, 2, 10, 7, NULL, NULL, '', '', 'STUB', NULL),
(183, 2, 10, 8, NULL, NULL, '', '', 'STUB', NULL),
(184, 2, 10, 9, NULL, NULL, '', '', 'STUB', NULL),
(185, 2, 10, 10, NULL, NULL, '', '', 'STUB', NULL),
(186, 2, 10, 11, NULL, NULL, '', '', 'STUB', NULL),
(187, 2, 10, 12, NULL, NULL, '', '', 'STUB', NULL),
(188, 2, 11, 1, NULL, NULL, 'D08', 'H.3', NULL, 'FAK/XX'),
(189, 2, 11, 2, NULL, NULL, '', 'H.4', NULL, 'FAK/XX'),
(190, 2, 11, 3, NULL, NULL, '', 'L.4', NULL, 'FAK/XX'),
(191, 2, 11, 4, NULL, NULL, '', '', 'STUB', NULL),
(192, 2, 11, 5, NULL, NULL, '', '', 'STUB', NULL),
(193, 2, 11, 6, NULL, NULL, '', '', 'STUB', NULL),
(194, 2, 11, 7, NULL, NULL, '', '', 'STUB', NULL),
(195, 2, 11, 8, NULL, NULL, '', '', 'STUB', NULL),
(196, 2, 11, 9, NULL, NULL, '', '', 'STUB', NULL),
(197, 2, 11, 10, NULL, NULL, '', '', 'STUB', NULL),
(198, 2, 11, 11, NULL, NULL, '', '', 'STUB', NULL),
(199, 2, 11, 12, NULL, NULL, '', '', 'STUB', NULL),
(201, 2, 12, 1, NULL, NULL, '', '', NULL, NULL),
(202, 2, 12, 2, NULL, NULL, '', '', NULL, NULL),
(203, 2, 12, 3, NULL, NULL, '', '', NULL, NULL),
(204, 2, 12, 4, NULL, NULL, '', '', NULL, NULL),
(205, 2, 12, 5, NULL, NULL, NULL, '', '', ''),
(206, 2, 12, 6, NULL, NULL, NULL, '', '', ''),
(207, 2, 12, 7, NULL, NULL, '', '', NULL, NULL),
(208, 2, 12, 8, NULL, NULL, '', '', NULL, NULL),
(209, 2, 12, 9, NULL, NULL, '', '', NULL, NULL),
(210, 2, 12, 10, NULL, NULL, '', '', NULL, NULL),
(211, 2, 12, 11, NULL, NULL, '', '', NULL, NULL),
(212, 2, 12, 12, NULL, NULL, '', '', NULL, NULL),
(213, 2, 13, 1, NULL, NULL, '', '', NULL, NULL),
(214, 1, 1, 1, NULL, NULL, '', 'SP/OLT 3/2/2', 'SPL-A', NULL),
(215, 1, 1, 2, NULL, NULL, NULL, 'S/P OLT 3/15/1', 'SPL-B', NULL),
(216, 1, 1, 3, NULL, NULL, NULL, 'S/P OLT 3/15/2', 'SPL-C', NULL),
(217, 1, 1, 4, NULL, NULL, NULL, 'S/P OLT 3/15/3', 'SPL-D', NULL),
(218, 1, 1, 5, NULL, NULL, '', 'S/P OLT 3/15/4', 'SPL-E', NULL),
(219, 1, 1, 6, NULL, NULL, NULL, 'S/P OLT 3/15/5', 'SPL-F', NULL),
(220, 1, 1, 7, NULL, NULL, NULL, 'S/P OLT 3/15/6', 'SPL-G', NULL),
(221, 1, 1, 8, NULL, NULL, '', 'S/P OLT 3/15/4', 'SPL-H', NULL),
(222, 1, 1, 9, NULL, NULL, '', 'S/P OLT 3/15/8', 'SPL-I', NULL),
(223, 1, 1, 10, NULL, NULL, '', 'S/P OLT 3/15/9', 'SPL-J', NULL),
(224, 1, 1, 11, NULL, NULL, '', 'S/P OLT 3/15/11', 'SPL-K', NULL),
(225, 1, 1, 12, NULL, NULL, '', 'S/P OLT 3/15/12', 'SPL-L', NULL),
(226, 5, 1, 1, NULL, NULL, NULL, 'S/P OLT 2/5/7', 'SPL-A', NULL),
(227, 5, 1, 2, NULL, NULL, NULL, 'S/P OLT 2/5/8', 'SPL-B', NULL),
(228, 5, 1, 3, NULL, NULL, '', 'S/P OLT 2/6/1', 'SPL-N', NULL),
(229, 5, 1, 4, NULL, NULL, '', 'S/P OLT 2/6/2', 'SPL-D', NULL),
(230, 5, 1, 5, NULL, NULL, '', 'S/P OLT 2/14/8', 'SPL-E', NULL),
(231, 5, 1, 6, NULL, NULL, '', 'S/P OLT 2/6/3', 'SPL-F', NULL),
(232, 5, 1, 7, NULL, NULL, '', 'S/P OLT 2/6/4', 'SPL-G', NULL),
(233, 5, 1, 8, NULL, NULL, '', 'S/P OLT 2/6/5', 'SPL-H', NULL),
(234, 5, 1, 9, NULL, NULL, '', 'S/P OLT 2/6/6', 'SPL-I', NULL),
(235, 5, 1, 10, NULL, NULL, '', 'S/P OLT 1/13/6', 'SPL-J', NULL),
(236, 5, 1, 11, NULL, NULL, '', 'S/P OLT 1/13/7', 'SPL-K', NULL),
(237, 5, 1, 12, NULL, NULL, '', 'S/P OLT 1/13/8', 'SPL-L', NULL),
(238, 1, 2, 1, NULL, NULL, '', 'S/P OLT 3/15/14', 'SPL-M', NULL),
(239, 1, 2, 2, NULL, NULL, '', 'S/P OLT 3/15/15', 'SPL-N', NULL),
(240, 1, 2, 3, NULL, NULL, '', 'S/P OLT 3/15/16', 'SPL-O', NULL),
(241, 1, 2, 4, NULL, NULL, '', 'S/P OLT 3/16/1', 'SPL-P', NULL),
(242, 1, 2, 5, NULL, NULL, '', 'S/P OLT 3/16/2', 'SPL-Q', NULL),
(243, 1, 2, 6, NULL, NULL, '', 'S/P OLT 3/16/3', 'SPL-R', NULL),
(244, 1, 2, 7, NULL, NULL, NULL, '', '', ''),
(245, 1, 2, 8, NULL, NULL, '', 'S/P OLT 3/16/5', 'SPL-T', NULL),
(246, 1, 2, 9, NULL, NULL, '', 'S/P OLT 3/16/6', 'SPL-U', NULL),
(247, 1, 2, 10, NULL, NULL, '', 'S/P OLT 3/16/8', 'SPL-V', NULL),
(248, 1, 2, 11, NULL, NULL, '', 'S/P OLT 3/16/8', 'SPL-W', NULL),
(249, 1, 2, 12, NULL, NULL, '', 'S/P OLT 2/12/3', 'SPL-X', NULL),
(250, 1, 3, 1, NULL, NULL, NULL, '', 'STUB', ''),
(251, 0, 3, 2, NULL, NULL, NULL, 'S/P OLT 5/8/1', 'SPL-Y', ''),
(252, 1, 3, 2, NULL, NULL, NULL, 'S/P OLT 5/8/1', 'SPL-Y', ''),
(253, 1, 3, 3, NULL, NULL, '', 'S/P OLT 5/10/9', 'SPL-Z', NULL),
(254, 1, 3, 4, NULL, NULL, '', 'S/P OLT 2/3/13', 'SPL-AA', NULL),
(255, 1, 3, 5, NULL, NULL, '', 'S/P OLT 2/3/15', 'SPL-AB', NULL),
(256, 1, 3, 6, NULL, NULL, '', 'S/P OLT 2/3/15', 'SPL-AC', NULL),
(257, 1, 3, 7, NULL, NULL, '', 'S/P OLT 2/3/16', 'SPL-AD', NULL),
(258, 1, 3, 8, NULL, NULL, '', 'S/P OLT 6/2/10', 'SPL-AE', NULL),
(259, 0, 3, 9, NULL, NULL, NULL, '', '', ''),
(260, 1, 3, 9, NULL, NULL, '', '', 'STUB', NULL),
(261, 1, 3, 10, NULL, NULL, '', '', 'STUB', NULL),
(262, 1, 3, 11, NULL, NULL, '', '', 'STUB', NULL),
(263, 1, 3, 12, NULL, NULL, '', '', 'STUB', NULL),
(264, 1, 4, 1, NULL, NULL, NULL, '', '', ''),
(265, 1, 4, 2, NULL, NULL, NULL, '', '', ''),
(266, 1, 4, 3, NULL, NULL, NULL, '', '', ''),
(267, 1, 4, 4, NULL, NULL, NULL, '', '', ''),
(268, 1, 4, 5, NULL, NULL, NULL, '', '', ''),
(269, 1, 4, 6, NULL, NULL, NULL, '', '', ''),
(270, 1, 4, 7, NULL, NULL, NULL, '', '', ''),
(271, 1, 4, 8, NULL, NULL, NULL, '', '', ''),
(272, 1, 4, 9, NULL, NULL, NULL, '', '', ''),
(273, 1, 4, 10, NULL, NULL, NULL, '', '', ''),
(274, 1, 4, 11, NULL, NULL, NULL, '', '', ''),
(275, 1, 4, 12, NULL, NULL, NULL, '', '', ''),
(276, 1, 5, 1, NULL, NULL, 'D01', 'B.1', NULL, 'FAB/01'),
(277, 1, 5, 2, NULL, NULL, '', 'B.2', NULL, 'FAB/02'),
(278, 1, 5, 3, NULL, NULL, '', 'B.3', NULL, 'FAB/03'),
(279, 1, 5, 4, NULL, NULL, '', 'B.4', NULL, 'FAB/04'),
(280, 1, 5, 5, NULL, NULL, '', 'C.1', NULL, 'FAB/05'),
(281, 1, 5, 6, NULL, NULL, '', 'C.2', NULL, 'FAB/06'),
(282, 1, 5, 7, NULL, NULL, '', 'C.3', NULL, 'FAB/07'),
(283, 1, 5, 8, NULL, NULL, '', 'C.4', NULL, 'FAB/08'),
(284, 1, 5, 9, NULL, NULL, '', 'D.1', NULL, 'FAB/09'),
(285, 1, 5, 10, NULL, NULL, '', 'D.2', NULL, 'FAB/10'),
(286, 1, 5, 11, NULL, NULL, '', 'D.3', NULL, 'FAB/11'),
(287, 1, 5, 12, NULL, NULL, '', 'D.4', NULL, 'FAB/12'),
(300, 4, 1, 1, NULL, NULL, NULL, '2/17/9', 'SPL-A', ''),
(301, 4, 1, 2, NULL, NULL, NULL, '', 'SPL-B', ''),
(302, 4, 1, 3, NULL, NULL, NULL, '6/14/10', 'SPL-C', ''),
(303, 4, 1, 4, NULL, NULL, NULL, '2/4/1', 'SPL-D', ''),
(304, 4, 1, 5, NULL, NULL, NULL, '1/5/1', 'SPL-E', ''),
(305, 4, 1, 6, NULL, NULL, NULL, '5/12/1', 'SPL-F', ''),
(306, 4, 1, 7, NULL, NULL, NULL, '2/4/2', 'SPL-G', ''),
(307, 4, 1, 8, NULL, NULL, NULL, '2/3/6', 'SPL-H', ''),
(308, 4, 1, 9, NULL, NULL, NULL, '6/13/1', 'SPL-I', ''),
(309, 4, 1, 10, NULL, NULL, NULL, '2/8/3', 'SPL-J', ''),
(310, 4, 1, 11, NULL, NULL, NULL, '5/2/11', 'SPL-K', ''),
(311, 4, 1, 12, NULL, NULL, NULL, '2/3/7', 'SPL-L', ''),
(324, 4, 2, 1, NULL, NULL, NULL, '6/2/16', 'SPL-M', ''),
(325, 4, 2, 2, NULL, NULL, NULL, '3/13/8', 'SPL-N', ''),
(326, 4, 2, 3, NULL, NULL, NULL, '5/13/1', 'SPL-O', ''),
(327, 4, 2, 4, NULL, NULL, NULL, '6/5/11', 'SPL-P', ''),
(328, 4, 2, 5, NULL, NULL, NULL, '5/2/7', 'SPL-Q', ''),
(329, 4, 2, 6, NULL, NULL, NULL, '2/3/5', 'SPL-R', ''),
(330, 4, 2, 7, NULL, NULL, NULL, '5/2/8', 'SPL-S', ''),
(331, 4, 2, 8, NULL, NULL, NULL, '5/2/9', 'SPL-T', ''),
(332, 4, 2, 9, NULL, NULL, NULL, '5/12/16', 'SPL-U', ''),
(333, 4, 2, 10, NULL, NULL, NULL, '5/2/10', 'SPL-V', ''),
(334, 4, 2, 11, NULL, NULL, NULL, '6/16/10', '', ''),
(335, 4, 2, 12, NULL, NULL, NULL, '6/16/9', '', ''),
(349, 4, 9, 1, NULL, NULL, 'D05', 'M.1', NULL, 'FG/23'),
(350, 4, 9, 2, NULL, NULL, NULL, 'M.2', NULL, 'FG/23'),
(351, 4, 9, 3, NULL, NULL, NULL, 'M.3', NULL, 'FG/24'),
(352, 4, 9, 4, NULL, NULL, NULL, 'M.4', NULL, 'FG/25'),
(353, 4, 9, 5, NULL, NULL, NULL, 'F.1', NULL, 'FG/26'),
(354, 4, 9, 6, NULL, NULL, NULL, 'F.2', NULL, 'FG/26'),
(355, 4, 9, 7, NULL, NULL, NULL, 'F.3', NULL, 'FG/27'),
(356, 4, 9, 8, NULL, NULL, NULL, 'F.4', NULL, 'FG/27'),
(357, 4, 9, 9, NULL, NULL, NULL, 'U.1', NULL, 'FG/28'),
(358, 4, 9, 10, NULL, NULL, NULL, 'U.2', NULL, 'FG/29'),
(359, 4, 9, 11, NULL, NULL, NULL, 'U.3', NULL, 'FG/30'),
(360, 4, 9, 12, NULL, NULL, NULL, 'U.4', NULL, 'FG/31'),
(373, 4, 10, 1, NULL, NULL, 'D05', 'P.1', 'STUB', NULL),
(374, 4, 10, 2, NULL, NULL, NULL, 'P.2', 'STUB', ''),
(375, 4, 10, 3, NULL, NULL, NULL, 'P.3', 'STUB', ''),
(376, 4, 10, 4, NULL, NULL, NULL, 'P.4', 'STUB', ''),
(377, 4, 10, 5, NULL, NULL, NULL, '', 'STUB', ''),
(378, 4, 10, 6, NULL, NULL, NULL, '', 'STUB', ''),
(379, 4, 10, 7, NULL, NULL, NULL, '', 'STUB', ''),
(380, 4, 10, 8, NULL, NULL, NULL, '', 'STUB', ''),
(381, 4, 10, 9, NULL, NULL, NULL, '', 'STUB', ''),
(382, 4, 10, 10, NULL, NULL, NULL, '', 'STUB', ''),
(383, 4, 10, 11, NULL, NULL, NULL, '', 'STUB', ''),
(384, 4, 10, 12, NULL, NULL, NULL, '', 'STUB', ''),
(385, 4, 11, 1, NULL, NULL, 'D06', 'I.1', NULL, 'FG/67'),
(386, 4, 11, 2, NULL, NULL, NULL, 'I.2', NULL, 'FG/67'),
(387, 4, 11, 3, NULL, NULL, NULL, 'I.3', NULL, 'NODE-B'),
(388, 4, 11, 4, NULL, NULL, NULL, 'A.1', NULL, 'NODE-B'),
(389, 4, 11, 5, NULL, NULL, NULL, 'A.2', NULL, 'NODE-B'),
(390, 4, 11, 6, NULL, NULL, NULL, 'A.3', NULL, 'NODE-B'),
(391, 4, 11, 7, NULL, NULL, NULL, 'A.4', NULL, 'PU'),
(392, 4, 11, 8, NULL, NULL, '', '', 'STUB', NULL),
(393, 4, 11, 9, NULL, NULL, '', '', 'STUB', NULL),
(394, 4, 11, 10, NULL, NULL, '', '', 'STUB', NULL),
(395, 4, 11, 11, NULL, NULL, '', '', 'STUB', NULL),
(396, 4, 11, 12, NULL, NULL, '', '', 'STUB', NULL),
(397, 4, 12, 1, NULL, NULL, 'D07', 'O.1', NULL, 'FG/38'),
(398, 4, 12, 2, NULL, NULL, NULL, 'O.2', NULL, 'FG/39'),
(399, 4, 12, 3, NULL, NULL, NULL, 'J.4', NULL, 'FG/40'),
(400, 4, 12, 4, NULL, NULL, NULL, 'K.4', NULL, 'FG/41'),
(401, 4, 12, 5, NULL, NULL, NULL, 'Q.1', NULL, 'FG/42'),
(402, 4, 12, 6, NULL, NULL, NULL, 'Q.2', NULL, 'FG/43'),
(403, 4, 12, 7, NULL, NULL, NULL, 'Q.3', NULL, 'FG/44'),
(404, 4, 12, 8, NULL, NULL, NULL, 'Q.4', NULL, 'FG/45'),
(405, 4, 12, 9, NULL, NULL, NULL, 'S.1', NULL, 'FG/46'),
(406, 4, 12, 10, NULL, NULL, NULL, 'S.2', NULL, 'FG/47'),
(407, 4, 12, 11, NULL, NULL, NULL, 'S.3', NULL, 'FG/48'),
(408, 4, 12, 12, NULL, NULL, NULL, 'S.4', NULL, 'FG/49'),
(409, 4, 13, 1, NULL, NULL, 'D07', 'T.1', NULL, 'FG/50'),
(410, 4, 13, 2, NULL, NULL, NULL, 'T.2', NULL, 'FG/51'),
(411, 4, 13, 3, NULL, NULL, NULL, 'T.3', NULL, 'FG/52'),
(412, 4, 13, 4, NULL, NULL, NULL, 'T.4', NULL, 'FG/53'),
(413, 4, 13, 5, NULL, NULL, NULL, 'V.1', NULL, 'FG/54'),
(414, 4, 13, 6, NULL, NULL, NULL, 'V.2', NULL, 'FG/55'),
(415, 4, 13, 7, NULL, NULL, NULL, 'V.3', NULL, 'FG/56'),
(416, 4, 13, 8, NULL, NULL, NULL, 'V.4', NULL, 'FG/57'),
(417, 4, 13, 9, NULL, NULL, NULL, 'K.1', NULL, 'FG/58'),
(418, 4, 13, 10, NULL, NULL, NULL, '', 'STUB', ''),
(419, 4, 13, 11, NULL, NULL, NULL, '', 'STUB', ''),
(420, 4, 13, 12, NULL, NULL, NULL, '', 'STUB', ''),
(421, 4, 14, 1, NULL, NULL, 'D02', 'I.4', NULL, NULL),
(422, 4, 14, 2, NULL, NULL, NULL, 'G.1', NULL, 'FG/20'),
(423, 4, 14, 3, NULL, NULL, NULL, '', 'STUB', ''),
(424, 4, 14, 4, NULL, NULL, NULL, '', 'STUB', ''),
(425, 4, 14, 5, NULL, NULL, NULL, '', 'STUB', ''),
(426, 4, 14, 6, NULL, NULL, NULL, 'G.4', NULL, 'FG/19'),
(427, 4, 14, 7, NULL, NULL, NULL, 'G.3', NULL, ''),
(428, 4, 14, 8, NULL, NULL, NULL, 'G.2', NULL, ''),
(429, 4, 14, 9, NULL, NULL, NULL, '', 'STUB', ''),
(430, 4, 14, 10, NULL, NULL, NULL, '', 'STUB', ''),
(431, 4, 14, 11, NULL, NULL, NULL, '', 'STUB', ''),
(432, 4, 14, 12, NULL, NULL, NULL, '', 'STUB', ''),
(433, 4, 15, 1, NULL, NULL, 'D01', 'R.1', NULL, 'FG/01'),
(434, 4, 15, 2, NULL, NULL, NULL, 'R.2', NULL, 'FG/02'),
(435, 4, 15, 3, NULL, NULL, NULL, 'R.3', NULL, 'FG/03'),
(436, 4, 15, 4, NULL, NULL, NULL, 'R.4', NULL, 'FG/04'),
(437, 4, 15, 5, NULL, NULL, NULL, 'H.1', NULL, 'FG/05'),
(438, 4, 15, 6, NULL, NULL, NULL, 'H.2', NULL, 'FG/06'),
(439, 4, 15, 7, NULL, NULL, NULL, 'H.3', NULL, 'FG/07'),
(440, 4, 15, 8, NULL, NULL, NULL, 'H.4', NULL, 'FG/08'),
(441, 4, 15, 9, NULL, NULL, NULL, 'L.1', NULL, 'FG/09'),
(442, 4, 15, 10, NULL, NULL, NULL, 'L.2', NULL, 'FG/10'),
(443, 4, 15, 11, NULL, NULL, NULL, 'L.3', NULL, 'FG/11'),
(444, 4, 15, 12, NULL, NULL, NULL, 'L.4', NULL, 'FG/12'),
(445, 4, 16, 1, NULL, NULL, 'D01', 'B.1', NULL, 'PLATINUM'),
(446, 4, 16, 2, NULL, NULL, NULL, 'B.2', NULL, 'PLATINUM'),
(447, 4, 16, 3, NULL, NULL, NULL, 'B.3', NULL, 'PLATINUM'),
(448, 4, 16, 4, NULL, NULL, NULL, 'B.4', NULL, 'FG/16'),
(449, 4, 16, 5, NULL, NULL, NULL, 'E.1', NULL, 'FG/17'),
(450, 4, 16, 6, NULL, NULL, NULL, 'E.2', NULL, 'FG/18'),
(451, 4, 16, 7, NULL, NULL, NULL, 'E.3', NULL, 'PLATINUM'),
(452, 4, 16, 8, NULL, NULL, NULL, 'E.4', NULL, 'PLATINUM'),
(453, 4, 16, 9, NULL, NULL, NULL, 'D.1', NULL, 'PLATINUM'),
(454, 4, 16, 10, NULL, NULL, NULL, 'D.2', NULL, 'PLATINUM'),
(455, 4, 16, 11, NULL, NULL, NULL, 'D.3', NULL, 'PLATINUM'),
(456, 4, 16, 12, NULL, NULL, NULL, '', 'STUB', ''),
(457, 4, 17, 1, NULL, NULL, 'D08', 'J.1', NULL, 'FG/59'),
(458, 4, 17, 2, NULL, NULL, NULL, 'J.2', NULL, 'FG/60'),
(459, 4, 17, 3, NULL, NULL, NULL, 'J.3', NULL, 'FG/61'),
(460, 4, 17, 4, NULL, NULL, NULL, '', 'STUB', ''),
(461, 4, 17, 5, NULL, NULL, NULL, '', 'STUB', ''),
(462, 4, 17, 6, NULL, NULL, NULL, 'K.2', NULL, 'FG/63'),
(463, 4, 17, 7, NULL, NULL, NULL, 'K.3', NULL, 'FG/62'),
(464, 4, 17, 8, NULL, NULL, NULL, '', 'STUB', ''),
(465, 4, 17, 9, NULL, NULL, NULL, '', 'STUB', ''),
(466, 4, 17, 10, NULL, NULL, NULL, '', 'STUB', ''),
(467, 4, 17, 11, NULL, NULL, NULL, '', 'STUB', ''),
(468, 4, 17, 12, NULL, NULL, NULL, '', 'STUB', ''),
(469, 4, 18, 1, NULL, NULL, 'D04', 'N.3', NULL, 'FG/22'),
(470, 4, 18, 2, NULL, NULL, NULL, 'N.4', NULL, 'FG/22'),
(471, 4, 18, 3, NULL, NULL, NULL, 'C.1', NULL, 'FG/65'),
(472, 4, 18, 4, NULL, NULL, NULL, '', NULL, ''),
(473, 4, 18, 5, NULL, NULL, NULL, 'C.2', NULL, 'FG/65'),
(474, 4, 18, 6, NULL, NULL, NULL, 'C.3', NULL, 'FG/66'),
(475, 4, 18, 7, NULL, NULL, NULL, 'C.4', NULL, 'FG/64'),
(476, 4, 18, 8, NULL, NULL, NULL, '', NULL, ''),
(477, 4, 18, 9, NULL, NULL, NULL, '', NULL, ''),
(478, 4, 18, 10, NULL, NULL, NULL, '', NULL, ''),
(479, 4, 18, 11, NULL, NULL, NULL, '', NULL, ''),
(480, 4, 18, 12, NULL, NULL, NULL, '', NULL, ''),
(481, 1, 6, 1, NULL, NULL, 'D01', 'E.1', NULL, 'FAB/13'),
(482, 1, 6, 2, NULL, NULL, NULL, 'E.2', NULL, 'FAB/14'),
(483, 1, 6, 3, NULL, NULL, NULL, 'E.3', NULL, 'FAB/15'),
(484, 1, 6, 4, NULL, NULL, NULL, 'E.4', NULL, 'FAB/16'),
(485, 1, 6, 5, NULL, NULL, NULL, 'F.1', NULL, 'FAB/17'),
(486, 1, 6, 6, NULL, NULL, NULL, 'F.2', NULL, 'FAB/18'),
(487, 1, 6, 7, NULL, NULL, NULL, 'F.3', NULL, 'FAB/19'),
(488, 1, 6, 8, NULL, NULL, NULL, 'F.4', NULL, 'FAB/20'),
(489, 1, 6, 9, NULL, NULL, NULL, '', 'STUB', ''),
(490, 1, 6, 10, NULL, NULL, NULL, '', 'STUB', ''),
(491, 1, 6, 11, NULL, NULL, NULL, '', 'STUB', ''),
(492, 1, 6, 12, NULL, NULL, NULL, '', 'STUB', ''),
(493, 1, 7, 1, NULL, NULL, 'D02', 'H.1', NULL, 'FAB/21'),
(494, 1, 7, 2, NULL, NULL, NULL, 'H.2', NULL, 'FAB/22'),
(495, 1, 7, 3, NULL, NULL, NULL, 'H.3', NULL, 'FAB/23'),
(496, 1, 7, 4, NULL, NULL, NULL, 'H.4', NULL, 'FAB/24'),
(497, 1, 7, 5, NULL, NULL, NULL, 'I.1', NULL, 'FAB/25'),
(498, 1, 7, 6, NULL, NULL, NULL, 'I.2', NULL, 'FAB/25'),
(499, 1, 7, 7, NULL, NULL, NULL, 'I.3', NULL, 'FAB/26'),
(500, 1, 7, 8, NULL, NULL, NULL, 'I.4', NULL, 'FAB/27'),
(501, 1, 7, 9, NULL, NULL, NULL, 'J.1', NULL, 'FAB/28'),
(502, 1, 7, 10, NULL, NULL, NULL, 'J.2', NULL, 'FAB/29'),
(503, 1, 7, 11, NULL, NULL, NULL, 'J.3', NULL, 'FAB/30'),
(504, 1, 7, 12, NULL, NULL, NULL, 'J.4', NULL, 'FAB/31'),
(505, 1, 8, 1, NULL, NULL, 'D02', 'K.1', NULL, 'FAB/31'),
(506, 1, 8, 2, NULL, NULL, NULL, 'K.2', NULL, 'FAB/32'),
(507, 1, 8, 3, NULL, NULL, NULL, 'K.3', NULL, 'FAB/33'),
(508, 1, 8, 4, NULL, NULL, NULL, 'K.4', NULL, 'FAB/34'),
(509, 1, 8, 5, NULL, NULL, NULL, 'L.1', NULL, 'FAB/35'),
(510, 1, 8, 6, NULL, NULL, NULL, 'L.2', NULL, 'FAB/36'),
(511, 1, 8, 7, NULL, NULL, NULL, '', 'STUB', ''),
(512, 1, 8, 8, NULL, NULL, NULL, '', 'STUB', ''),
(513, 1, 8, 9, NULL, NULL, NULL, 'Y.1', NULL, 'FAB/76'),
(514, 1, 8, 10, NULL, NULL, NULL, 'Y.2', NULL, 'FAB/75'),
(515, 1, 8, 11, NULL, NULL, NULL, 'Y.3', NULL, 'FAB/74'),
(516, 1, 8, 12, NULL, NULL, NULL, 'Y.4', NULL, 'FAB/77'),
(517, 1, 9, 1, NULL, NULL, 'D03', 'M.1', NULL, 'FAB/38'),
(518, 1, 9, 2, NULL, NULL, NULL, 'M.2', NULL, 'FAB/39'),
(519, 1, 9, 3, NULL, NULL, NULL, 'M.3', NULL, 'FAB/40'),
(520, 1, 9, 4, NULL, NULL, NULL, 'M.4', NULL, 'FAB/40'),
(521, 1, 9, 5, NULL, NULL, NULL, 'N.1', NULL, 'FAB/41'),
(522, 1, 9, 6, NULL, NULL, NULL, 'N.2', NULL, 'FAB/41'),
(523, 1, 9, 7, NULL, NULL, NULL, 'N.3', NULL, 'FAB/42'),
(524, 1, 9, 8, NULL, NULL, NULL, 'N.4', NULL, 'FAB/43'),
(525, 1, 9, 9, NULL, NULL, NULL, 'O.1', NULL, 'FAB/44'),
(526, 1, 9, 10, NULL, NULL, NULL, 'O.2', NULL, 'FAB/45'),
(527, 1, 9, 11, NULL, NULL, NULL, 'O.3', NULL, 'FAB/46'),
(528, 1, 9, 12, NULL, NULL, NULL, 'O.4', NULL, 'FAB/47'),
(529, 1, 10, 1, NULL, NULL, 'D03', 'P.1', NULL, 'FAB/48'),
(530, 1, 10, 2, NULL, NULL, NULL, 'P.2', NULL, 'FAB/49'),
(531, 1, 10, 3, NULL, NULL, NULL, 'P.3', NULL, 'FAB/50'),
(532, 1, 10, 4, NULL, NULL, NULL, 'P.4', NULL, 'FAB/51'),
(533, 1, 10, 5, NULL, NULL, NULL, 'Q.1', NULL, 'FAB/52'),
(534, 1, 10, 6, NULL, NULL, NULL, 'Q.2', NULL, 'FAB/53'),
(535, 1, 10, 7, NULL, NULL, NULL, 'Q.3', NULL, 'FAB/53'),
(536, 1, 10, 8, NULL, NULL, NULL, 'Q.4', NULL, 'FAB/54'),
(537, 1, 10, 9, NULL, NULL, NULL, '', 'STUB', ''),
(538, 1, 10, 10, NULL, NULL, NULL, '', 'STUB', ''),
(539, 1, 10, 11, NULL, NULL, NULL, '', 'STUB', ''),
(540, 1, 10, 12, NULL, NULL, NULL, '', 'STUB', ''),
(541, 1, 11, 1, NULL, NULL, 'D04', 'R.1', NULL, 'FAB/55'),
(542, 1, 11, 2, NULL, NULL, NULL, 'R.2', NULL, 'FAB/56'),
(543, 1, 11, 3, NULL, NULL, NULL, 'R.3', NULL, 'FAB/56'),
(544, 1, 11, 4, NULL, NULL, NULL, 'R.4', NULL, 'FAB/57'),
(545, 1, 11, 5, NULL, NULL, NULL, 'S.1', NULL, 'FAB/58'),
(546, 1, 11, 6, NULL, NULL, NULL, 'S.2', NULL, 'FAB/59'),
(547, 1, 11, 7, NULL, NULL, NULL, 'S.3', NULL, 'FAB/60'),
(548, 1, 11, 8, NULL, NULL, NULL, 'S.4', NULL, 'FAB/61'),
(549, 1, 11, 9, NULL, NULL, NULL, 'T.1', NULL, 'FAB/62'),
(550, 1, 11, 10, NULL, NULL, NULL, 'T.2', NULL, 'FAB/63'),
(551, 1, 11, 11, NULL, NULL, NULL, 'T.3', NULL, 'FAB/64'),
(552, 1, 11, 12, NULL, NULL, NULL, 'T.4', NULL, 'FAB/65'),
(553, 1, 12, 1, NULL, NULL, 'D04', 'U.1', NULL, 'FAB/66'),
(554, 1, 12, 2, NULL, NULL, NULL, 'U.2', NULL, 'FAB/66'),
(555, 1, 12, 3, NULL, NULL, NULL, 'U.3', NULL, 'FAB/67'),
(556, 1, 12, 4, NULL, NULL, NULL, 'U.4', NULL, 'FAB/68'),
(557, 1, 12, 5, NULL, NULL, NULL, 'V.1', NULL, 'FAB/69'),
(558, 1, 12, 6, NULL, NULL, NULL, 'V.2', NULL, 'FAB/70'),
(559, 1, 12, 7, NULL, NULL, NULL, 'V.3', NULL, 'FAB/71'),
(560, 1, 12, 8, NULL, NULL, NULL, 'V.4', NULL, 'FAB/70'),
(561, 1, 12, 9, NULL, NULL, NULL, 'W.1', NULL, 'FAB/72'),
(562, 1, 12, 10, NULL, NULL, NULL, '', 'STUB', ''),
(563, 1, 12, 11, NULL, NULL, NULL, '', 'STUB', ''),
(564, 1, 12, 12, NULL, NULL, NULL, '', 'STUB', ''),
(565, 1, 14, 1, NULL, NULL, 'D05', 'X.1', NULL, 'FAB/73'),
(566, 1, 14, 2, NULL, NULL, NULL, '', 'STUB', ''),
(567, 1, 14, 3, NULL, NULL, NULL, '', 'STUB', ''),
(568, 1, 14, 4, NULL, NULL, NULL, '', 'STUB', ''),
(569, 1, 14, 5, NULL, NULL, NULL, '', 'STUB', ''),
(570, 1, 14, 6, NULL, NULL, NULL, '', 'STUB', ''),
(571, 1, 14, 7, NULL, NULL, NULL, '', 'STUB', ''),
(572, 1, 14, 8, NULL, NULL, NULL, '', 'STUB', ''),
(573, 1, 14, 9, NULL, NULL, NULL, '', 'STUB', ''),
(574, 1, 14, 10, NULL, NULL, NULL, '', 'STUB', ''),
(575, 1, 14, 11, NULL, NULL, NULL, '', 'STUB', ''),
(576, 1, 14, 12, NULL, NULL, NULL, '', 'STUB', ''),
(577, 1, 15, 1, NULL, NULL, 'D06', 'Z.1', NULL, 'FAB/78'),
(578, 1, 15, 2, NULL, NULL, NULL, 'Z.2', NULL, 'FAB/79'),
(579, 1, 15, 3, NULL, NULL, NULL, 'Z.3', NULL, 'FAB/80'),
(580, 1, 15, 4, NULL, NULL, NULL, 'Z.4', NULL, 'FAB/81'),
(581, 1, 15, 5, NULL, NULL, NULL, '', 'STUB', ''),
(582, 1, 15, 6, NULL, NULL, NULL, '', 'STUB', ''),
(583, 1, 15, 7, NULL, NULL, NULL, '', 'STUB', ''),
(584, 1, 15, 8, NULL, NULL, NULL, '', 'STUB', ''),
(585, 1, 15, 9, NULL, NULL, NULL, '', 'STUB', ''),
(586, 1, 15, 10, NULL, NULL, NULL, '', 'STUB', ''),
(587, 1, 15, 11, NULL, NULL, NULL, '', 'STUB', ''),
(588, 1, 15, 12, NULL, NULL, NULL, '', 'STUB', ''),
(589, 1, 16, 1, NULL, NULL, 'D07', 'AA.1', NULL, 'FAB/89'),
(590, 1, 16, 2, NULL, NULL, NULL, 'AA.2', NULL, 'FAB/90'),
(591, 1, 16, 3, NULL, NULL, NULL, 'AA.3', NULL, 'FAB/91'),
(592, 1, 16, 4, NULL, NULL, NULL, 'AA.4', NULL, 'FAB/92'),
(593, 1, 16, 5, NULL, NULL, NULL, 'AB.1', NULL, 'FAB/93'),
(594, 1, 16, 6, NULL, NULL, NULL, 'AB.2', NULL, 'FAB/94'),
(595, 1, 16, 7, NULL, NULL, NULL, 'AB.3', NULL, 'FAB/95'),
(596, 1, 16, 8, NULL, NULL, NULL, 'AB.4', NULL, 'FAB/96'),
(597, 1, 16, 9, NULL, NULL, NULL, 'AC.1', NULL, 'FAB/97'),
(598, 1, 16, 10, NULL, NULL, NULL, 'AC.2', NULL, 'FAB/98'),
(599, 1, 16, 11, NULL, NULL, NULL, 'AC.3', NULL, 'FAB/99'),
(600, 1, 16, 12, NULL, NULL, NULL, 'AC.4', NULL, 'FAB/100'),
(601, 1, 17, 1, NULL, NULL, 'D07', 'AD.1', NULL, 'FAB/101'),
(602, 1, 17, 2, NULL, NULL, NULL, 'AD.2', NULL, 'FAB/102'),
(603, 1, 17, 3, NULL, NULL, NULL, '', 'STUB', ''),
(604, 1, 17, 4, NULL, NULL, NULL, '', 'STUB', ''),
(605, 1, 17, 5, NULL, NULL, NULL, '', 'STUB', ''),
(606, 1, 17, 6, NULL, NULL, NULL, '', 'STUB', ''),
(607, 1, 17, 7, NULL, NULL, NULL, '', 'STUB', ''),
(608, 1, 17, 8, NULL, NULL, NULL, '', 'STUB', ''),
(609, 1, 17, 9, NULL, NULL, NULL, '', 'STUB', ''),
(610, 1, 17, 10, NULL, NULL, NULL, '', 'STUB', ''),
(611, 1, 17, 11, NULL, NULL, NULL, '', 'STUB', ''),
(612, 1, 17, 12, NULL, NULL, NULL, '', 'STUB', ''),
(613, 1, 18, 1, NULL, NULL, 'D08', '', 'STUB', NULL),
(614, 1, 18, 2, NULL, NULL, NULL, '', 'STUB', ''),
(615, 1, 18, 3, NULL, NULL, NULL, '', 'STUB', ''),
(616, 1, 18, 4, NULL, NULL, NULL, '', 'STUB', ''),
(617, 1, 18, 5, NULL, NULL, NULL, '', 'STUB', ''),
(618, 1, 18, 6, NULL, NULL, NULL, '', 'STUB', ''),
(619, 1, 18, 7, NULL, NULL, NULL, '', 'STUB', ''),
(620, 1, 18, 8, NULL, NULL, NULL, '', 'STUB', ''),
(621, 1, 18, 9, NULL, NULL, NULL, 'AE.9', NULL, 'FAB/103'),
(622, 1, 18, 10, NULL, NULL, NULL, 'AE.10', NULL, 'FAB/104'),
(623, 1, 18, 11, NULL, NULL, NULL, 'AE.11', NULL, 'FAB/105'),
(624, 1, 18, 12, NULL, NULL, NULL, 'AE.12', NULL, 'FAB/106'),
(637, 5, 2, 1, NULL, NULL, NULL, '', '', ''),
(638, 5, 2, 2, NULL, NULL, NULL, '2/12/14', 'SPL-C', ''),
(639, 5, 2, 3, NULL, NULL, NULL, '2/13/15', 'SPL-O', ''),
(640, 5, 2, 4, NULL, NULL, NULL, '', '', ''),
(641, 5, 2, 5, NULL, NULL, NULL, '1/5/12', 'SPL-Q', ''),
(642, 5, 2, 6, NULL, NULL, NULL, '1/12/3', 'SPL-R', ''),
(643, 5, 2, 7, NULL, NULL, NULL, '1/7/7', 'SPL-AG', ''),
(644, 5, 2, 8, NULL, NULL, NULL, '1/7/8', 'SPL-AF', ''),
(645, 5, 2, 9, NULL, NULL, NULL, '1/7/9', 'SPL-AI', ''),
(646, 5, 2, 10, NULL, NULL, NULL, '', '', ''),
(647, 5, 2, 11, NULL, NULL, NULL, '1/2/1', 'SPL-Y', ''),
(648, 5, 2, 12, NULL, NULL, NULL, '', '', ''),
(649, 5, 3, 1, NULL, NULL, NULL, '', '', ''),
(650, 5, 3, 2, NULL, NULL, NULL, '2/2/4', 'SPL-Z', ''),
(651, 5, 3, 3, NULL, NULL, NULL, '1/9/10', 'SPL-S', ''),
(652, 5, 3, 4, NULL, NULL, NULL, '2/3/6', 'SPL-AA', ''),
(653, 5, 3, 5, NULL, NULL, NULL, '2/4/14', 'SPL-T', ''),
(654, 5, 3, 6, NULL, NULL, NULL, '2/3/10', 'SPL-AB', ''),
(655, 5, 3, 7, NULL, NULL, NULL, '2/3/12', 'SPL-AC', ''),
(656, 5, 3, 8, NULL, NULL, NULL, '1/4/11', 'SPL-AE', ''),
(657, 5, 3, 9, NULL, NULL, NULL, '1/3/14', 'SPL-P', ''),
(658, 5, 3, 10, NULL, NULL, NULL, '1/2/5', 'SPL-T', ''),
(659, 5, 3, 11, NULL, NULL, NULL, '', '', ''),
(660, 5, 3, 12, NULL, NULL, NULL, '2/12/12', 'SPL-U', ''),
(661, 5, 4, 1, NULL, NULL, NULL, '', '', ''),
(662, 5, 4, 2, NULL, NULL, NULL, '', '', ''),
(663, 5, 4, 3, NULL, NULL, NULL, '', '', ''),
(664, 5, 4, 4, NULL, NULL, NULL, '', '', ''),
(665, 5, 4, 5, NULL, NULL, NULL, '', '', ''),
(666, 5, 4, 6, NULL, NULL, NULL, '', '', ''),
(667, 5, 4, 7, NULL, NULL, NULL, '', '', ''),
(668, 5, 4, 8, NULL, NULL, NULL, '', '', ''),
(669, 5, 4, 9, NULL, NULL, NULL, '', '', ''),
(670, 5, 4, 10, NULL, NULL, NULL, '', '', ''),
(671, 5, 4, 11, NULL, NULL, NULL, '', '', ''),
(672, 5, 4, 12, NULL, NULL, NULL, '', '', ''),
(673, 5, 5, 1, NULL, NULL, NULL, '', '', ''),
(674, 5, 5, 2, NULL, NULL, NULL, '', '', ''),
(675, 5, 5, 3, NULL, NULL, NULL, '', '', ''),
(676, 5, 5, 4, NULL, NULL, NULL, '', '', ''),
(677, 5, 5, 5, NULL, NULL, NULL, '', '', ''),
(678, 5, 5, 6, NULL, NULL, NULL, '', '', ''),
(679, 5, 5, 7, NULL, NULL, NULL, '', '', ''),
(680, 5, 5, 8, NULL, NULL, NULL, '', '', ''),
(681, 5, 5, 9, NULL, NULL, NULL, '', '', ''),
(682, 5, 5, 10, NULL, NULL, NULL, '', '', ''),
(683, 5, 5, 11, NULL, NULL, NULL, '', '', ''),
(684, 5, 5, 12, NULL, NULL, NULL, '', '', ''),
(685, 5, 6, 1, NULL, NULL, 'D01', 'A.1', NULL, 'FM/01'),
(686, 5, 6, 2, NULL, NULL, NULL, 'A.2', 'FM/02', ''),
(687, 5, 6, 3, NULL, NULL, NULL, '', 'STUB', NULL),
(688, 5, 6, 4, NULL, NULL, NULL, 'N.4', 'FM/04', ''),
(689, 5, 6, 5, NULL, NULL, NULL, 'B.1', 'FM/03', ''),
(690, 5, 6, 6, NULL, NULL, NULL, 'B.2', 'FM/03', ''),
(691, 5, 6, 7, NULL, NULL, NULL, 'B.3', 'FM/04', ''),
(692, 5, 6, 8, NULL, NULL, NULL, 'B.4', 'FM/09', ''),
(693, 5, 6, 9, NULL, NULL, NULL, 'N.1', 'FM/05', ''),
(694, 5, 6, 10, NULL, NULL, NULL, 'N.2', 'FM/06', ''),
(695, 5, 6, 11, NULL, NULL, NULL, 'N.3', 'FM/06', ''),
(696, 5, 6, 12, NULL, NULL, NULL, '', 'STUB', NULL),
(697, 5, 7, 1, NULL, NULL, 'D01', '', 'STUB', NULL),
(698, 5, 7, 2, NULL, NULL, NULL, '', 'STUB', ''),
(699, 5, 7, 3, NULL, NULL, NULL, '', 'STUB', ''),
(700, 5, 7, 4, NULL, NULL, NULL, '', 'STUB', ''),
(701, 5, 7, 5, NULL, NULL, NULL, 'E.1', NULL, 'FM/07'),
(702, 5, 7, 6, NULL, NULL, NULL, 'E.2', NULL, 'FM/07'),
(703, 5, 7, 7, NULL, NULL, NULL, 'E.3', 'STUB', ''),
(704, 5, 7, 8, NULL, NULL, NULL, 'E.4', 'STUB', ''),
(705, 5, 7, 9, NULL, NULL, NULL, 'D.2', NULL, 'FM/10'),
(706, 5, 7, 10, NULL, NULL, NULL, 'D.3', NULL, 'FM/10'),
(707, 5, 7, 11, NULL, NULL, NULL, 'D.4', 'STUB', ''),
(708, 5, 7, 12, NULL, NULL, NULL, 'D.1', NULL, 'FM/61'),
(709, 5, 8, 1, NULL, NULL, 'D02', 'G.1', NULL, 'FM/11'),
(710, 5, 8, 2, NULL, NULL, NULL, 'G.2', NULL, 'FM/11'),
(711, 5, 8, 3, NULL, NULL, NULL, 'G.3', NULL, 'FM/12'),
(712, 5, 8, 4, NULL, NULL, NULL, 'G.4', NULL, 'FM/13'),
(713, 5, 8, 5, NULL, NULL, NULL, 'H.1', NULL, 'FM/14'),
(714, 5, 8, 6, NULL, NULL, NULL, 'H.2', NULL, 'FM/15'),
(715, 5, 8, 7, NULL, NULL, NULL, 'H.3', NULL, 'FM/16'),
(716, 5, 8, 8, NULL, NULL, NULL, 'H.4', NULL, 'FM/16'),
(717, 5, 8, 9, NULL, NULL, NULL, 'I.1', NULL, 'FM/17'),
(718, 5, 8, 10, NULL, NULL, NULL, 'I.2', NULL, 'FM/18'),
(719, 5, 8, 11, NULL, NULL, NULL, 'I.3', NULL, 'FM/18'),
(720, 5, 8, 12, NULL, NULL, NULL, 'I.4', 'STUB', NULL),
(721, 5, 9, 1, NULL, NULL, 'D03', 'F.1', NULL, 'FM/20'),
(722, 5, 9, 2, NULL, NULL, NULL, 'F.2', NULL, 'FM/20'),
(723, 5, 9, 3, NULL, NULL, NULL, '', 'STUB', NULL),
(724, 5, 9, 4, NULL, NULL, NULL, '', 'STUB', NULL),
(725, 5, 9, 5, NULL, NULL, NULL, '', 'STUB', NULL),
(726, 5, 9, 6, NULL, NULL, NULL, '', 'STUB', NULL),
(727, 5, 9, 7, NULL, NULL, NULL, '', 'STUB', NULL),
(728, 5, 9, 8, NULL, NULL, NULL, '', 'STUB', NULL),
(729, 5, 9, 9, NULL, NULL, NULL, '', 'STUB', NULL),
(730, 5, 9, 10, NULL, NULL, NULL, '', 'STUB', NULL),
(731, 5, 9, 11, NULL, NULL, NULL, '', 'STUB', NULL),
(732, 5, 9, 12, NULL, NULL, NULL, 'O.4', NULL, 'FM/57'),
(733, 5, 10, 1, NULL, NULL, 'D03', 'O.1', NULL, 'FM/42'),
(734, 5, 10, 2, NULL, NULL, NULL, 'O.2', NULL, 'FM/42'),
(735, 5, 10, 3, NULL, NULL, NULL, 'O.3', NULL, ''),
(736, 5, 10, 4, NULL, NULL, NULL, '', 'STUB', NULL),
(737, 5, 10, 5, NULL, NULL, NULL, '', 'STUB', NULL),
(738, 5, 10, 6, NULL, NULL, NULL, '', 'STUB', NULL),
(739, 5, 10, 7, NULL, NULL, NULL, '', 'STUB', NULL),
(740, 5, 10, 8, NULL, NULL, NULL, '', 'STUB', NULL),
(741, 5, 10, 9, NULL, NULL, NULL, '', 'STUB', NULL),
(742, 5, 10, 10, NULL, NULL, NULL, '', 'STUB', NULL),
(743, 5, 10, 11, NULL, NULL, NULL, '', 'STUB', NULL),
(744, 5, 10, 12, NULL, NULL, NULL, '', 'STUB', NULL),
(745, 5, 11, 1, NULL, NULL, 'D04', 'F.3', NULL, 'FM/21'),
(746, 5, 11, 2, NULL, NULL, NULL, 'F.4', NULL, 'FM/21'),
(747, 5, 11, 3, NULL, NULL, NULL, '', 'STUB', NULL),
(748, 5, 11, 4, NULL, NULL, NULL, '', 'STUB', NULL),
(749, 5, 11, 5, NULL, NULL, NULL, '', 'STUB', NULL),
(750, 5, 11, 6, NULL, NULL, NULL, '', 'STUB', NULL),
(751, 5, 11, 7, NULL, NULL, NULL, '', 'STUB', NULL),
(752, 5, 11, 8, NULL, NULL, NULL, '', 'STUB', NULL),
(753, 5, 11, 9, NULL, NULL, NULL, '', 'STUB', NULL),
(754, 5, 11, 10, NULL, NULL, NULL, '', 'STUB', NULL),
(755, 5, 11, 11, NULL, NULL, NULL, '', 'STUB', NULL),
(756, 5, 11, 12, NULL, NULL, NULL, '', 'STUB', NULL),
(757, 5, 13, 1, NULL, NULL, 'D05', 'U.1', NULL, 'FAB/34'),
(758, 5, 13, 2, NULL, NULL, NULL, 'U.1', 'STUB', NULL),
(759, 5, 13, 3, NULL, NULL, NULL, 'U.1', 'STUB', NULL),
(760, 5, 13, 4, NULL, NULL, NULL, 'U.1', 'STUB', NULL),
(761, 5, 13, 5, NULL, NULL, NULL, 'R.2', NULL, 'FM/44'),
(762, 5, 13, 6, NULL, NULL, NULL, 'R.3', NULL, 'FM/39'),
(763, 5, 13, 7, NULL, NULL, NULL, 'A.4', NULL, 'FM/65'),
(764, 5, 13, 8, NULL, NULL, NULL, 'J.3', NULL, 'FM/23'),
(765, 5, 13, 9, NULL, NULL, NULL, '', 'STUB', NULL),
(766, 5, 13, 10, NULL, NULL, NULL, '', 'STUB', NULL),
(767, 5, 13, 11, NULL, NULL, NULL, 'S.4', NULL, 'FM/58'),
(768, 5, 13, 12, NULL, NULL, NULL, '', 'STUB', NULL),
(769, 5, 12, 1, NULL, NULL, 'D05', 'J.1', NULL, 'FM/22'),
(770, 5, 12, 2, NULL, NULL, NULL, 'J.2', NULL, 'FM/25'),
(771, 5, 12, 3, NULL, NULL, NULL, 'J.3', NULL, 'FM/24'),
(772, 5, 12, 4, NULL, NULL, NULL, '', 'STUB', NULL),
(773, 5, 12, 5, NULL, NULL, NULL, 'K.1', NULL, 'FM/26'),
(774, 5, 12, 6, NULL, NULL, NULL, 'K.2', NULL, 'FM/27'),
(775, 5, 12, 7, NULL, NULL, NULL, 'K.3', NULL, 'FM/28'),
(776, 5, 12, 8, NULL, NULL, NULL, 'K.4', NULL, 'FM/29'),
(777, 5, 12, 9, NULL, NULL, NULL, 'L.1', NULL, 'FM/30'),
(778, 5, 12, 10, NULL, NULL, NULL, 'L.2', NULL, 'FM/31'),
(779, 5, 12, 11, NULL, NULL, NULL, 'L.3', NULL, 'FM/32'),
(780, 5, 12, 12, NULL, NULL, NULL, 'L.4', NULL, 'FM/33'),
(781, 5, 14, 1, NULL, NULL, 'D06', 'C.1', NULL, 'FM/89'),
(782, 5, 14, 2, NULL, NULL, NULL, '', 'STUB', NULL),
(783, 5, 14, 3, NULL, NULL, NULL, 'Q.1', NULL, 'FM/41'),
(784, 5, 14, 4, NULL, NULL, NULL, 'Q.1', 'STUB', NULL),
(785, 5, 14, 5, NULL, NULL, NULL, 'Q.1', 'STUB', NULL),
(786, 5, 14, 6, NULL, NULL, NULL, 'Q.1', 'STUB', NULL),
(787, 5, 14, 7, NULL, NULL, NULL, '', 'STUB', NULL),
(788, 5, 14, 8, NULL, NULL, NULL, '', 'STUB', NULL),
(789, 5, 14, 9, NULL, NULL, NULL, '', 'STUB', NULL),
(790, 5, 14, 10, NULL, NULL, NULL, '', 'STUB', NULL),
(791, 5, 14, 11, NULL, NULL, NULL, 'C.2', NULL, 'FM/89'),
(792, 5, 14, 12, NULL, NULL, NULL, '', 'STUB', NULL),
(793, 5, 15, 1, NULL, NULL, 'D07', 'AE.1', NULL, 'FM/35'),
(794, 5, 15, 2, NULL, NULL, NULL, 'AE.2', NULL, 'FM/36'),
(795, 5, 15, 3, NULL, NULL, NULL, 'AE.3', NULL, 'FM/37'),
(796, 5, 15, 4, NULL, NULL, NULL, 'AE.4', NULL, 'FM/38'),
(797, 5, 15, 5, NULL, NULL, NULL, '', 'STUB', NULL),
(798, 5, 15, 6, NULL, NULL, NULL, '', 'STUB', NULL),
(799, 5, 15, 7, NULL, NULL, NULL, '', 'STUB', NULL),
(800, 5, 15, 8, NULL, NULL, NULL, '', 'STUB', NULL),
(801, 5, 15, 9, NULL, NULL, NULL, '', 'STUB', NULL),
(802, 5, 15, 10, NULL, NULL, NULL, '', 'STUB', NULL),
(803, 5, 15, 11, NULL, NULL, NULL, '', 'STUB', NULL),
(804, 5, 15, 12, NULL, NULL, NULL, '', 'STUB', NULL),
(805, 5, 16, 1, NULL, NULL, 'D08', 'AG.1', NULL, 'FM/45'),
(806, 5, 16, 2, NULL, NULL, NULL, 'AG.2', NULL, 'FM/46'),
(807, 5, 16, 3, NULL, NULL, NULL, 'AG.3', NULL, 'FM/47'),
(808, 5, 16, 4, NULL, NULL, NULL, 'AG.4', NULL, 'FM/48'),
(809, 5, 16, 5, NULL, NULL, NULL, 'AF.1', NULL, 'FM/49'),
(810, 5, 16, 6, NULL, NULL, NULL, 'AF.2', NULL, 'FM/50'),
(811, 5, 16, 7, NULL, NULL, NULL, 'AF.3', NULL, 'FM/51'),
(812, 5, 16, 8, NULL, NULL, NULL, 'AF.4', NULL, 'FM/52'),
(813, 5, 16, 9, NULL, NULL, NULL, 'AI.1', NULL, 'FM/53'),
(814, 5, 16, 10, NULL, NULL, NULL, 'AI.2', NULL, 'FM/54'),
(815, 5, 16, 11, NULL, NULL, NULL, 'AI.3', NULL, 'FM/55'),
(816, 5, 16, 12, NULL, NULL, NULL, 'R.1', NULL, 'FM/56'),
(817, 5, 23, 1, NULL, NULL, 'D010', 'AC.1', NULL, 'FM/82'),
(818, 5, 23, 2, NULL, NULL, NULL, 'AC.1', NULL, 'FM/83'),
(819, 5, 23, 3, NULL, NULL, NULL, 'AC.1', NULL, 'FM/84'),
(820, 5, 23, 4, NULL, NULL, NULL, 'AC.1', NULL, 'FM/85'),
(821, 5, 23, 5, NULL, NULL, NULL, 'P.1', NULL, 'FM/86'),
(822, 5, 23, 6, NULL, NULL, NULL, 'P.2', NULL, 'FM/87'),
(823, 5, 23, 7, NULL, NULL, NULL, 'P.3', 'STUB', NULL),
(824, 5, 23, 8, NULL, NULL, NULL, 'P.4', 'STUB', NULL),
(825, 5, 23, 9, NULL, NULL, NULL, '', 'STUB', NULL),
(826, 5, 23, 10, NULL, NULL, NULL, '', 'STUB', NULL),
(827, 5, 23, 11, NULL, NULL, NULL, '', 'STUB', NULL),
(828, 5, 23, 12, NULL, NULL, NULL, '', 'STUB', NULL),
(829, 5, 24, 1, NULL, NULL, 'D09', 'Y.1', NULL, 'FM/66'),
(830, 5, 24, 2, NULL, NULL, NULL, 'Y.2', NULL, 'FM/67'),
(831, 5, 24, 3, NULL, NULL, NULL, 'Y.3', NULL, 'FM/68'),
(832, 5, 24, 4, NULL, NULL, NULL, 'Y.4', NULL, 'FM/69'),
(833, 5, 24, 5, NULL, NULL, '', 'Z.1', NULL, 'FM/70'),
(834, 5, 24, 6, NULL, NULL, '', 'Z.2', NULL, 'FM/71'),
(835, 5, 24, 7, NULL, NULL, '', 'Z.3', NULL, 'FM/72'),
(836, 5, 24, 8, NULL, NULL, '', 'Z.4', NULL, 'FM/73'),
(837, 5, 24, 9, NULL, NULL, NULL, 'AA.1', NULL, 'FM/74'),
(838, 5, 24, 10, NULL, NULL, NULL, 'AA.2', NULL, 'FM/75'),
(839, 5, 24, 11, NULL, NULL, NULL, 'AA.3', NULL, 'FM/76'),
(840, 5, 24, 12, NULL, NULL, NULL, 'AA.4', NULL, 'FM/77'),
(841, 5, 25, 1, NULL, NULL, 'D09', 'AB.1', NULL, 'FM/78'),
(842, 5, 25, 2, NULL, NULL, NULL, 'AB.2', NULL, 'FM/79'),
(843, 5, 25, 3, NULL, NULL, NULL, 'AB.3', NULL, 'FM/80'),
(844, 5, 25, 4, NULL, NULL, NULL, 'AB.4', NULL, 'FM/81'),
(845, 5, 25, 5, NULL, NULL, NULL, '', 'STUB', NULL),
(846, 5, 25, 6, NULL, NULL, NULL, '', 'STUB', NULL),
(847, 5, 25, 7, NULL, NULL, NULL, '', 'STUB', NULL),
(848, 5, 25, 8, NULL, NULL, NULL, '', 'STUB', NULL),
(849, 5, 25, 9, NULL, NULL, NULL, '', 'STUB', NULL),
(850, 5, 25, 10, NULL, NULL, NULL, '', 'STUB', NULL),
(851, 5, 25, 11, NULL, NULL, NULL, '', 'STUB', NULL),
(852, 5, 25, 12, NULL, NULL, NULL, '', 'STUB', NULL),
(853, 3, 1, 1, NULL, NULL, NULL, '', 'STUB', NULL),
(854, 3, 1, 2, NULL, NULL, NULL, '', 'STUB', NULL),
(855, 2, 3, 2, NULL, NULL, '', 'A.2', NULL, 'FAK/02');

-- --------------------------------------------------------

--
-- Table structure for table `tb_ftm`
--

CREATE TABLE `tb_ftm` (
  `id` int(5) NOT NULL,
  `id_ftm` int(3) NOT NULL,
  `id_kolom` int(3) DEFAULT NULL,
  `id_panel` int(5) NOT NULL,
  `id_row` int(3) NOT NULL,
  `id_col` int(3) NOT NULL,
  `nm_ftm` varchar(25) NOT NULL,
  `port` varchar(10) NOT NULL,
  `odc` varchar(25) NOT NULL,
  `core` varchar(25) NOT NULL,
  `ftm` varchar(25) DEFAULT NULL
) ENGINE=InnoDB DEFAULT CHARSET=latin1;

--
-- Dumping data for table `tb_ftm`
--

INSERT INTO `tb_ftm` (`id`, `id_ftm`, `id_kolom`, `id_panel`, `id_row`, `id_col`, `nm_ftm`, `port`, `odc`, `core`, `ftm`) VALUES
(1, 6, 1, 1, 1, 1, 'FTM-GSK-OA-01', 'PORT 01', 'ODC-GSK-FAB', 'CORE - 145', '-'),
(2, 6, 1, 1, 1, 2, 'FTM-GSK-OA-01', 'PORT 02', 'ODC-GSK-FAB', 'CORE - 146', 'EA-01/FTB-03/113'),
(3, 6, 1, 1, 1, 3, 'FTM-GSK-OA-01', 'PORT 03', 'ODC-GSK-FAB', 'CORE - 147', 'EA-01/FTB-04/09'),
(4, 6, 1, 1, 1, 4, 'FTM-GSK-OA-01', 'PORT 04', 'ODC-GSK-FAB', 'CORE - 148', '-'),
(5, 6, 1, 1, 1, 5, 'FTM-GSK-OA-01', 'PORT 05', 'ODC-GSK-FAB', 'CORE - 149', '-'),
(6, 6, 1, 1, 1, 6, 'FTM-GSK-OA-01', 'PORT 06', 'ODC-GSK-FAB', 'CORE - 150', '-'),
(11, 6, 1, 1, 1, 7, 'FTM-GSK-OA-01', 'PORT 07', 'ODC-GSK-FAB', 'CORE - 151', '-'),
(12, 6, 1, 1, 1, 8, 'FTM-GSK-OA-01', 'PORT 08', 'ODC-GSK-FAB', 'CORE - 152', 'EA-02/FTB-01/98'),
(13, 6, 1, 1, 1, 9, 'FTM-GSK-OA-01', 'PORT 09', 'ODC-GSK-FAB', 'CORE - 153', '-'),
(14, 6, 1, 1, 1, 10, 'FTM-GSK-OA-01', 'PORT 10', 'ODC-GSK-FAB', 'CORE - 154', '-'),
(15, 6, 1, 1, 1, 11, 'FTM-GSK-OA-01', 'PORT 11', 'ODC-GSK-FAB', 'CORE - 155', '-'),
(16, 6, 1, 1, 1, 12, 'FTM-GSK-OA-01', 'PORT 12', 'ODC-GSK-FAB', 'CORE - 156', '-'),
(17, 6, 1, 1, 1, 13, 'FTM-GSK-OA-01', 'PORT 13', 'ODC-GSK-FR', 'CORE - 157', 'EA-01/FTB-03/107'),
(18, 6, 1, 1, 1, 14, 'FTM-GSK-OA-01', 'PORT 14', 'ODC-GSK-FR', 'CORE - 158', 'EA-01/FTB-04/04'),
(19, 6, 1, 1, 1, 15, 'FTM-GSK-OA-01', 'PORT 15', 'ODC-GSK-FR', 'CORE - 159', 'EA-01/FTB-02/72'),
(20, 6, 1, 1, 1, 16, 'FTM-GSK-OA-01', 'PORT 16', 'ODC-GSK-FR', 'CORE - 160', '-'),
(21, 6, 1, 1, 1, 17, 'FTM-GSK-OA-01', 'PORT 17', 'ODC-GSK-FR', 'CORE - 161', 'EA-01/FTB-02/87'),
(22, 6, 1, 1, 1, 18, 'FTM-GSK-OA-01', 'PORT 18', 'ODC-GSK-FR', 'CORE - 162', 'EA-01/FTB-02/63'),
(23, 6, 1, 1, 1, 19, 'FTM-GSK-OA-01', 'PORT 19', 'ODC-GSK-FR', 'CORE - 163', 'EA-01/FTB-02/67'),
(24, 6, 1, 1, 1, 20, 'FTM-GSK-OA-01', 'PORT 20', 'ODC-GSK-FR', 'CORE - 164', '-'),
(25, 6, 1, 1, 1, 21, 'FTM-GSK-OA-01', 'PORT 21', 'ODC-GSK-FR', 'CORE - 165', '-'),
(26, 6, 1, 1, 1, 22, 'FTM-GSK-OA-01', 'PORT 22', 'ODC-GSK-FR', 'CORE - 166', '-'),
(27, 6, 1, 1, 1, 23, 'FTM-GSK-OA-01', 'PORT 23', 'ODC-GSK-FR', 'CORE - 167', 'EA-02/FTB-01/122'),
(28, 6, 1, 1, 1, 24, 'FTM-GSK-OA-01', 'PORT 24', 'ODC-GSK-FR', 'CORE - 168', 'EA-01/FTB-04/56'),
(29, 6, 1, 1, 2, 1, 'FTM-GSK-OA-01', 'PORT 25', 'ODC-GSK-FAB', 'CORE - 169', 'EA-01/FTB-02/120'),
(30, 6, 1, 1, 2, 2, 'FTM-GSK-OA-01', 'PORT 26', 'ODC-GSK-FAB', 'CORE - 170', 'EA-01/FTB-05/02'),
(31, 6, 1, 1, 2, 3, 'FTM-GSK-OA-01', 'PORT 27', 'ODC-GSK-FAB', 'CORE - 171', 'EA-01/FTB-05/01'),
(32, 6, 1, 1, 2, 4, 'FTM-GSK-OA-01', 'PORT 28', 'ODC-GSK-FAB', 'CORE - 172', 'EA-01/FTB-05/03'),
(33, 6, 1, 1, 2, 5, 'FTM-GSK-OA-01', 'PORT 29', 'ODC-GSK-FAB', 'CORE - 173', 'EA-01/FTB-05/04'),
(34, 6, 1, 1, 2, 6, 'FTM-GSK-OA-01', 'PORT 30', 'ODC-GSK-FAB', 'CORE - 174', 'EA-01/FTB-05/05'),
(35, 6, 1, 1, 2, 7, 'FTM-GSK-OA-01', 'PORT 31', 'ODC-GSK-FAB', 'CORE - 175', 'EA-01/FTB-05/20'),
(36, 6, 1, 1, 2, 8, 'FTM-GSK-OA-01', 'PORT 32', 'ODC-GSK-FAB', 'CORE - 176', 'EA-01/FTB-05/07'),
(37, 6, 1, 1, 2, 9, 'FTM-GSK-OA-01', 'PORT 33', 'ODC-GSK-FAB', 'CORE - 177', 'EA-01/FTB-05/08'),
(38, 6, 1, 1, 2, 10, 'FTM-GSK-OA-01', 'PORT 34', 'ODC-GSK-FAB', 'CORE - 178', 'EA-01/FTB-05/09'),
(39, 6, 1, 1, 2, 11, 'FTM-GSK-OA-01', 'PORT 35', 'ODC-GSK-FAB', 'CORE - 179', 'EA-01/FTB-05/11'),
(40, 6, 1, 1, 2, 12, 'FTM-GSK-OA-01', 'PORT 36', 'ODC-GSK-FAB', 'CORE - 180', 'EA-01/FTB-05/12'),
(41, 6, 1, 1, 2, 13, 'FTM-GSK-OA-01', 'PORT 37', 'ODC-GSK-FAB', 'CORE - 181', 'EA-01/FTB-05/14'),
(42, 6, 1, 1, 2, 14, 'FTM-GSK-OA-01', 'PORT 38', 'ODC-GSK-FAB', 'CORE - 182', 'EA-01/FTB-05/15'),
(43, 6, 1, 1, 2, 15, 'FTM-GSK-OA-01', 'PORT 39', 'ODC-GSK-FAB', 'CORE - 183', 'EA-01/FTB-05/16'),
(44, 6, 1, 1, 2, 16, 'FTM-GSK-OA-01', 'PORT 40', 'ODC-GSK-FAB', 'CORE - 184', 'EA-01/FTB-05/17'),
(45, 6, 1, 1, 2, 17, 'FTM-GSK-OA-01', 'PORT 41', 'ODC-GSK-FAB', 'CORE - 185', '-'),
(46, 6, 1, 1, 2, 18, 'FTM-GSK-OA-01', 'PORT 42', 'ODC-GSK-FAB', 'CORE - 186', 'EA-01/FTB-05/19'),
(47, 6, 1, 1, 2, 19, 'FTM-GSK-OA-01', 'PORT 43', 'ODC-GSK-FAB', 'CORE - 187', '-'),
(48, 6, 1, 1, 2, 20, 'FTM-GSK-OA-01', 'PORT 44', 'ODC-GSK-FAB', 'CORE - 188', 'EA-01/FTB-05/21'),
(49, 6, 1, 1, 2, 21, 'FTM-GSK-OA-01', 'PORT 45', 'ODC-GSK-FAB', 'CORE - 189', 'EA-01/FTB-05/22'),
(50, 6, 1, 1, 2, 22, 'FTM-GSK-OA-01', 'PORT 46', 'ODC-GSK-FAB', 'CORE - 190', 'EA-01/FTB-05/23'),
(51, 6, 1, 1, 2, 23, 'FTM-GSK-OA-01', 'PORT 47', 'ODC-GSK-FAB', 'CORE - 191', 'EA-01/FTB-05/24'),
(52, 6, 1, 1, 2, 24, 'FTM-GSK-OA-01', 'PORT 48', 'ODC-GSK-FAB', 'CORE - 192', 'EA-01/FTB-05/48'),
(53, 6, 1, 1, 3, 1, 'FTM-GSK-OA-01', 'PORT 49', 'ODC-GSK-FK', 'CORE - 193', 'EA-01/FTB-04/57'),
(54, 6, 1, 1, 3, 2, 'FTM-GSK-OA-01', 'PORT 50', 'ODC-GSK-FK', 'CORE - 194', 'EA-01/FTB-04/56'),
(55, 6, 1, 1, 3, 3, 'FTM-GSK-OA-01', 'PORT 51', 'ODC-GSK-FK', 'CORE - 195', 'EA-01/FTB-04/58'),
(56, 6, 1, 1, 3, 4, 'FTM-GSK-OA-01', 'PORT 52', 'ODC-GSK-FK', 'CORE - 196', 'EA-01/FTB-03/96'),
(57, 6, 1, 1, 3, 5, 'FTM-GSK-OA-01', 'PORT 53', 'ODC-GSK-FK', 'CORE - 197', 'EA-01/FTB-04/17'),
(58, 6, 1, 1, 3, 6, 'FTM-GSK-OA-01', 'PORT 54', 'ODC-GSK-FK', 'CORE - 198', 'EA-01/FTB-04/18'),
(59, 6, 1, 1, 3, 7, 'FTM-GSK-OA-01', 'PORT 55', 'ODC-GSK-FK', 'CORE - 199', 'EA-01/FTB-04/19'),
(60, 6, 1, 1, 3, 8, 'FTM-GSK-OA-01', 'PORT 56', 'ODC-GSK-FK', 'CORE - 200', ''),
(61, 6, 1, 1, 3, 9, 'FTM-GSK-OA-01', 'PORT 57', 'ODC-GSK-FK', 'CORE - 201', 'EA-01/FTB-04/53'),
(62, 6, 1, 1, 3, 10, 'FTM-GSK-OA-01', 'PORT 58', 'ODC-GSK-FK', 'CORE - 202', 'EA-01/FTB-04/54'),
(63, 6, 1, 1, 3, 11, 'FTM-GSK-OA-01', 'PORT 59', 'ODC-GSK-FK', 'CORE - 203', 'EA-01/FTB-03/95'),
(64, 6, 1, 1, 3, 12, 'FTM-GSK-OA-01', 'PORT 60', 'ODC-GSK-FK', 'CORE - 204', 'EA-01/FTB-04/63'),
(65, 6, 1, 1, 3, 13, 'FTM-GSK-OA-01', 'PORT 61', 'ODC-GSK-FH', 'CORE - 205', 'EA-01/FTB-03/93'),
(66, 6, 1, 1, 3, 14, 'FTM-GSK-OA-01', 'PORT 62', 'ODC-GSK-FH', 'CORE - 206', 'EA-01/FTB-03/94'),
(67, 6, 1, 1, 3, 15, 'FTM-GSK-OA-01', 'PORT 63', 'ODC-GSK-FH', 'CORE - 207', 'EA-01/FTB-04/62'),
(68, 6, 1, 1, 3, 16, 'FTM-GSK-OA-01', 'PORT 64', 'ODC-GSK-FH', 'CORE - 208', 'EA-01/FTB-04/73'),
(69, 6, 1, 1, 3, 17, 'FTM-GSK-OA-01', 'PORT 65', 'ODC-GSK-FH', 'CORE - 209', 'EA-01/FTB-04/106'),
(70, 6, 1, 1, 3, 18, 'FTM-GSK-OA-01', 'PORT 66', 'ODC-GSK-FH', 'CORE - 210', '-'),
(71, 6, 1, 1, 3, 19, 'FTM-GSK-OA-01', 'PORT 67', 'ODC-GSK-FH', 'CORE - 211', '-'),
(72, 6, 1, 1, 3, 20, 'FTM-GSK-OA-01', 'PORT 68', 'ODC-GSK-FH', 'CORE - 212', 'EA-02/FTB-01/27'),
(73, 6, 1, 1, 3, 21, 'FTM-GSK-OA-01', 'PORT 69', 'ODC-GSK-FH', 'CORE - 213', 'EA-01/FTB-03/41'),
(74, 6, 1, 1, 3, 22, 'FTM-GSK-OA-01', 'PORT 70', 'ODC-GSK-FH', 'CORE - 214', '-'),
(75, 6, 1, 1, 3, 23, 'FTM-GSK-OA-01', 'PORT 71', 'ODC-GSK-FH', 'CORE - 215', '-'),
(76, 6, 1, 1, 3, 24, 'FTM-GSK-OA-01', 'PORT 72', 'ODC-GSK-FH', 'CORE - 216', 'EA-01/FTB-04/34'),
(77, 6, 1, 1, 4, 1, 'FTM-GSK-OA-01', 'PORT 73', 'ODC-GSK-FZ', 'CORE - 217', 'EA-01/FTB-01/29'),
(78, 6, 1, 1, 4, 2, 'FTM-GSK-OA-01', 'PORT 74', 'ODC-GSK-FZ', 'CORE - 218', 'EA-01/FTB-01/30'),
(79, 6, 1, 1, 4, 3, 'FTM-GSK-OA-01', 'PORT 75', 'ODC-GSK-FZ', 'CORE - 219', 'EA-01/FTB-01/31'),
(80, 6, 1, 1, 4, 4, 'FTM-GSK-OA-01', 'PORT 76', 'ODC-GSK-FZ', 'CORE - 220', 'EA-01/FTB-01/32'),
(81, 6, 1, 1, 4, 5, 'FTM-GSK-OA-01', 'PORT 77', 'ODC-GSK-FZ', 'CORE - 221', '-'),
(82, 6, 1, 1, 4, 6, 'FTM-GSK-OA-01', 'PORT 78', 'ODC-GSK-FZ', 'CORE - 222', '-'),
(83, 6, 1, 1, 4, 7, 'FTM-GSK-OA-01', 'PORT 79', 'ODC-GSK-FZ', 'CORE - 223', 'EA-01/FTB-01/35'),
(84, 6, 1, 1, 4, 8, 'FTM-GSK-OA-01', 'PORT 80', 'ODC-GSK-FZ', 'CORE - 224', 'EA-01/FTB-01/36'),
(85, 6, 1, 1, 4, 9, 'FTM-GSK-OA-01', 'PORT 81', 'ODC-GSK-FZ', 'CORE - 225', 'EA-01/FTB-01/37'),
(86, 6, 1, 1, 4, 10, 'FTM-GSK-OA-01', 'PORT 82', 'ODC-GSK-FZ', 'CORE - 226', 'EA-01/FTB-01/38'),
(87, 6, 1, 1, 4, 11, 'FTM-GSK-OA-01', 'PORT 83', 'ODC-GSK-FZ', 'CORE - 227', 'EA-01/FTB-03/66'),
(88, 6, 1, 1, 4, 12, 'FTM-GSK-OA-01', 'PORT 84', 'ODC-GSK-FZ', 'CORE - 228', 'EA-01/FTB-06/57'),
(89, 6, 1, 1, 4, 13, 'FTM-GSK-OA-01', 'PORT 85', 'ODC-GSK-FZ', 'CORE - 229', 'EA-01/FTB-06/58'),
(90, 6, 1, 1, 4, 14, 'FTM-GSK-OA-01', 'PORT 86', 'ODC-GSK-FZ', 'CORE - 230', 'EA-01/FTB-06/55'),
(91, 6, 1, 1, 4, 15, 'FTM-GSK-OA-01', 'PORT 87', 'ODC-GSK-FZ', 'CORE - 231', 'EA-01/FTB-06/59'),
(92, 6, 1, 1, 4, 16, 'FTM-GSK-OA-01', 'PORT 88', 'ODC-GSK-FZ', 'CORE - 232', 'EA-01/FTB-06/56'),
(93, 6, 1, 1, 4, 17, 'FTM-GSK-OA-01', 'PORT 89', 'ODC-GSK-FZ', 'CORE - 233', 'EA-01/FTB-03/132'),
(94, 6, 1, 1, 4, 18, 'FTM-GSK-OA-01', 'PORT 90', 'ODC-GSK-FZ', 'CORE - 234', 'EA-01/FTB-03/133'),
(95, 6, 1, 1, 4, 19, 'FTM-GSK-OA-01', 'PORT 91', 'ODC-GSK-FZ', 'CORE - 235', 'EA-01/FTB-03/134'),
(96, 6, 1, 1, 4, 20, 'FTM-GSK-OA-01', 'PORT 92', 'ODC-GSK-FZ', 'CORE - 236', 'EA-01/FTB-01/62'),
(97, 6, 1, 1, 4, 21, 'FTM-GSK-OA-01', 'PORT 93', 'ODC-GSK-FZ', 'CORE - 237', 'EA-01/FTB-04/60'),
(98, 6, 1, 1, 4, 22, 'FTM-GSK-OA-01', 'PORT 94', 'ODC-GSK-FZ', 'CORE - 238', 'EA-01/FTB-06/68'),
(99, 6, 1, 1, 4, 23, 'FTM-GSK-OA-01', 'PORT 95', 'ODC-GSK-FZ', 'CORE - 239', 'EA-01/FTB-05/64'),
(100, 6, 1, 1, 4, 24, 'FTM-GSK-OA-01', 'PORT 96', 'ODC-GSK-FZ', 'CORE - 240', '-'),
(101, 6, 1, 1, 5, 1, 'FTM-GSK-OA-01', 'PORT 97', 'ODC-GSK-FZ', 'CORE - 241', 'EA-01/FTB-05/97'),
(102, 6, 1, 1, 5, 2, 'FTM-GSK-OA-01', 'PORT 98', 'ODC-GSK-FZ', 'CORE - 242', '-'),
(103, 6, 1, 1, 5, 3, 'FTM-GSK-OA-01', 'PORT 99', 'ODC-GSK-FZ', 'CORE - 243', '-'),
(104, 6, 1, 1, 5, 4, 'FTM-GSK-OA-01', 'PORT 100', 'ODC-GSK-FZ', 'CORE - 244', 'EA-01/FTB-05/115'),
(105, 6, 1, 1, 5, 5, 'FTM-GSK-OA-01', 'PORT 101', 'ODC-GSK-FZ', 'CORE - 245', 'EA-01/FTB-05/116'),
(106, 6, 1, 1, 5, 6, 'FTM-GSK-OA-01', 'PORT 102', 'ODC-GSK-FZ', 'CORE - 246', 'EA-01/FTB-05/117'),
(107, 6, 1, 1, 5, 7, 'FTM-GSK-OA-01', 'PORT 103', 'ODC-GSK-FZ', 'CORE - 247', 'EA-01/FTB-05/120'),
(108, 6, 1, 1, 5, 8, 'FTM-GSK-OA-01', 'PORT 104', 'ODC-GSK-FZ', 'CORE - 248', 'EA-01/FTB-06/03'),
(109, 6, 1, 1, 5, 9, 'FTM-GSK-OA-01', 'PORT 105', 'ODC-GSK-FZ', 'CORE - 249', 'EA-01/FTB-03/01'),
(110, 6, 1, 1, 5, 10, 'FTM-GSK-OA-01', 'PORT 106', 'ODC-GSK-FZ', 'CORE - 250', 'EA-01/FTB-06/05'),
(111, 6, 1, 1, 5, 11, 'FTM-GSK-OA-01', 'PORT 107', 'ODC-GSK-FZ', 'CORE - 251', 'EA-01/FTB-06/06'),
(112, 6, 1, 1, 5, 12, 'FTM-GSK-OA-01', 'PORT 108', 'ODC-GSK-FZ', 'CORE - 252', 'EA-01/FTB-06/18'),
(113, 6, 1, 1, 5, 13, 'FTM-GSK-OA-01', 'PORT 109', 'ODC-GSK-FZ', 'CORE - 253', '-'),
(114, 6, 1, 1, 5, 14, 'FTM-GSK-OA-01', 'PORT 110', 'ODC-GSK-FZ', 'CORE - 254', '-'),
(115, 6, 1, 1, 5, 15, 'FTM-GSK-OA-01', 'PORT 111', 'ODC-GSK-FZ', 'CORE - 255', '-'),
(116, 6, 1, 1, 5, 16, 'FTM-GSK-OA-01', 'PORT 112', 'ODC-GSK-FZ', 'CORE - 256', '-'),
(117, 6, 1, 1, 5, 17, 'FTM-GSK-OA-01', 'PORT 113', 'ODC-GSK-FZ', 'CORE - 257', '-'),
(118, 6, 1, 1, 5, 18, 'FTM-GSK-OA-01', 'PORT 114', 'ODC-GSK-FZ', 'CORE - 258', '-'),
(119, 6, 1, 1, 5, 19, 'FTM-GSK-OA-01', 'PORT 115', 'ODC-GSK-FZ', 'CORE - 259', '-'),
(120, 6, 1, 1, 5, 20, 'FTM-GSK-OA-01', 'PORT 116', 'ODC-GSK-FZ', 'CORE - 260', '-'),
(121, 6, 1, 1, 5, 21, 'FTM-GSK-OA-01', 'PORT 117', 'ODC-GSK-FZ', 'CORE - 261', '-'),
(122, 6, 1, 1, 5, 22, 'FTM-GSK-OA-01', 'PORT 118', 'ODC-GSK-FZ', 'CORE - 262', '-'),
(123, 6, 1, 1, 5, 23, 'FTM-GSK-OA-01', 'PORT 119', 'ODC-GSK-FZ', 'CORE - 263', '-'),
(124, 6, 1, 1, 5, 24, 'FTM-GSK-OA-01', 'PORT 120', 'ODC-GSK-FZ', 'CORE - 264', '-'),
(127, 6, 0, 2, 1, 1, '', '', 'ODC-GSK-FRa', 'CORE - 01a', 'EA-01/FTB-01/65a'),
(128, 6, 1, 2, 1, 2, 'FTM-GSK-OA-01', 'PORT 02', 'ODC-GSK-FR', 'CORE - 02', 'EA-01/FTB-01/66'),
(129, 6, 1, 2, 1, 3, 'FTM-GSK-OA-01', 'PORT 03', 'ODC-GSK-FR', 'CORE - 03', 'EA-01/FTB-01/67'),
(130, 6, 1, 2, 1, 4, 'FTM-GSK-OA-01', 'PORT 04', 'ODC-GSK-FR', 'CORE - 04', 'EA-01/FTB-01/68'),
(131, 6, 1, 2, 1, 5, 'FTM-GSK-OA-01', 'PORT 05', 'ODC-GSK-FR', 'CORE - 05', 'EA-01/FTB-01/69'),
(132, 6, 1, 2, 1, 6, 'FTM-GSK-OA-01', 'PORT 06', 'ODC-GSK-FR', 'CORE - 06', 'EA-01/FTB-01/70'),
(133, 6, 1, 2, 1, 7, 'FTM-GSK-OA-01', 'PORT 07', 'ODC-GSK-FR', 'CORE - 07', 'EA-01/FTB-01/43'),
(134, 6, 1, 2, 1, 8, 'FTM-GSK-OA-01', 'PORT 08', 'ODC-GSK-FR', 'CORE - 08', 'EA-01/FTB-01/72'),
(135, 6, 1, 2, 1, 9, 'FTM-GSK-OA-01', 'PORT 09', 'ODC-GSK-FR', 'CORE - 09', 'EA-01/FTB-01/25'),
(136, 6, 1, 2, 1, 10, 'FTM-GSK-OA-01', 'PORT 10', 'ODC-GSK-FR', 'CORE - 10', 'EA-01/FTB-01/26'),
(137, 6, 1, 2, 1, 11, 'FTM-GSK-OA-01', 'PORT 11', 'ODC-GSK-FR', 'CORE - 11', 'EA-01/FTB-01/27'),
(138, 6, 1, 2, 1, 12, 'FTM-GSK-OA-01', 'PORT 12', 'ODC-GSK-FR', 'CORE - 12', '-'),
(139, 6, 1, 2, 1, 13, 'FTM-GSK-OA-01', 'PORT 13', 'ODC-GSK-FR', 'CORE - 13', '-'),
(140, 6, 1, 2, 1, 14, 'FTM-GSK-OA-01', 'PORT 14', 'ODC-GSK-FR', 'CORE - 14', '-'),
(141, 6, 1, 2, 1, 15, 'FTM-GSK-OA-01', 'PORT 15', 'ODC-GSK-FR', 'CORE - 15', 'EA-01/FTB-02/72 EA-01/FTB'),
(142, 6, 1, 2, 1, 16, 'FTM-GSK-OA-01', 'PORT 16', 'ODC-GSK-FR', 'CORE - 16', 'EA-01/FTB-02/86'),
(143, 6, 1, 2, 1, 17, 'FTM-GSK-OA-01', 'PORT 17', 'ODC-GSK-FR', 'CORE - 17', '-'),
(144, 6, 1, 2, 1, 18, 'FTM-GSK-OA-01', 'PORT 18', 'ODC-GSK-FR', 'CORE - 18', 'EA-01/FTB-02/63'),
(145, 6, 1, 2, 1, 19, 'FTM-GSK-OA-01', 'PORT 19', 'ODC-GSK-FR', 'CORE - 19', 'EA-01/FTB-02/65'),
(146, 6, 1, 2, 1, 20, 'FTM-GSK-OA-01', 'PORT 20', 'ODC-GSK-FR', 'CORE - 20', 'EA-01/FTB-02/66'),
(147, 6, 1, 2, 1, 21, 'FTM-GSK-OA-01', 'PORT 21', 'ODC-GSK-FR', 'CORE - 21', '-'),
(148, 6, 1, 2, 1, 22, 'FTM-GSK-OA-01', 'PORT 22', 'ODC-GSK-FR', 'CORE - 22', 'EA-01/FTB-02/68'),
(149, 6, 1, 2, 1, 23, 'FTM-GSK-OA-01', 'PORT 23', 'ODC-GSK-FR', 'CORE - 23', 'EA-01/FTB-02/69'),
(150, 6, 1, 2, 1, 24, 'FTM-GSK-OA-01', 'PORT 24', 'ODC-GSK-FR', 'CORE - 24', 'EA-01/FTB-02/70'),
(151, 6, 1, 2, 2, 1, 'FTM-GSK-OA-01', 'PORT 25', 'ODC-GSK-FR', 'CORE - 25', 'EA-01/FTB-02/71'),
(152, 6, 1, 2, 2, 2, 'FTM-GSK-OA-01', 'PORT 26', 'ODC-GSK-FR', 'CORE - 26', 'EA-01/FTB-02/97'),
(153, 6, 1, 2, 2, 3, 'FTM-GSK-OA-01', 'PORT 27', 'ODC-GSK-FR', 'CORE - 27', 'EA-01/FTB-02/98'),
(154, 6, 1, 2, 2, 4, 'FTM-GSK-OA-01', 'PORT 28', 'ODC-GSK-FR', 'CORE - 28', 'EA-01/FTB-02/99'),
(155, 6, 1, 2, 2, 5, 'FTM-GSK-OA-01', 'PORT 29', 'ODC-GSK-FR', 'CORE - 29', 'EA-01/FTB-02/100'),
(156, 6, 1, 2, 2, 6, 'FTM-GSK-OA-01', 'PORT 30', 'ODC-GSK-FR', 'CORE - 30', 'EA-01/FTB-02/101'),
(157, 6, 1, 2, 2, 7, 'FTM-GSK-OA-01', 'PORT 31', 'ODC-GSK-FR', 'CORE - 31', 'EA-01/FTB-02/102'),
(158, 6, 1, 2, 2, 8, 'FTM-GSK-OA-01', 'PORT 32', 'ODC-GSK-FR', 'CORE - 32', 'EA-01/FTB-02/90'),
(159, 6, 1, 2, 2, 9, 'FTM-GSK-OA-01', 'PORT 33', 'ODC-GSK-FR', 'CORE - 33', 'EA-01/FTB-02/91'),
(160, 6, 1, 2, 2, 10, 'FTM-GSK-OA-01', 'PORT 34', 'ODC-GSK-FR', 'CORE - 34', 'EA-01/FTB-02/92'),
(161, 6, 1, 2, 2, 11, 'FTM-GSK-OA-01', 'PORT 35', 'ODC-GSK-FR', 'CORE - 35', 'EA-01/FTB-02/93'),
(162, 6, 1, 2, 2, 12, 'FTM-GSK-OA-01', 'PORT 36', 'ODC-GSK-FR', 'CORE - 36', 'EA-01/FTB-02/94'),
(163, 6, 1, 2, 2, 13, 'FTM-GSK-OA-01', 'PORT 37', 'ODC-GSK-FR', 'CORE - 37', '-'),
(164, 6, 1, 2, 2, 14, 'FTM-GSK-OA-01', 'PORT 38', 'ODC-GSK-FR', 'CORE - 38', '-'),
(165, 6, 1, 2, 2, 15, 'FTM-GSK-OA-01', 'PORT 39', 'ODC-GSK-FR', 'CORE - 39', '-'),
(166, 6, 1, 2, 2, 16, 'FTM-GSK-OA-01', 'PORT 40', 'ODC-GSK-FR', 'CORE - 40', '-'),
(167, 6, 1, 2, 2, 17, 'FTM-GSK-OA-01', 'PORT 41', 'ODC-GSK-FR', 'CORE - 41', 'EA-01/FTB-02/96'),
(168, 6, 1, 2, 2, 18, 'FTM-GSK-OA-01', 'PORT 42', 'ODC-GSK-FR', 'CORE - 42', '-'),
(169, 6, 1, 2, 2, 19, 'FTM-GSK-OA-01', 'PORT 43', 'ODC-GSK-FR', 'CORE - 43', 'EA-01/FTB-04/79'),
(170, 6, 1, 2, 2, 20, 'FTM-GSK-OA-01', 'PORT 44', 'ODC-GSK-FR', 'CORE - 44', '-'),
(171, 6, 1, 2, 2, 21, 'FTM-GSK-OA-01', 'PORT 45', 'ODC-GSK-FR', 'CORE - 45', 'EA-01/FTB-02/85'),
(172, 6, 1, 2, 2, 22, 'FTM-GSK-OA-01', 'PORT 46', 'ODC-GSK-FR', 'CORE - 46', 'EA-01/FTB-01/01'),
(173, 6, 1, 2, 2, 23, 'FTM-GSK-OA-01', 'PORT 47', 'ODC-GSK-FR', 'CORE - 47', '-'),
(174, 6, 1, 2, 2, 24, 'FTM-GSK-OA-01', 'PORT 48', 'ODC-GSK-FR', 'CORE - 48', '-'),
(175, 6, 1, 2, 3, 1, 'FTM-GSK-OA-01', 'PORT 49', 'ODC-GSK-FAA', 'CORE - 49', '-'),
(176, 6, 1, 2, 3, 2, 'FTM-GSK-OA-01', 'PORT 50', 'ODC-GSK-FAA', 'CORE - 50', '-'),
(177, 6, 1, 2, 3, 3, 'FTM-GSK-OA-01', 'PORT 51', 'ODC-GSK-FAA', 'CORE - 51', 'EA-01/FTB-02/73'),
(178, 6, 1, 2, 3, 4, 'FTM-GSK-OA-01', 'PORT 52', 'ODC-GSK-FAA', 'CORE - 52', 'EA-01/FTB-02/74'),
(179, 6, 1, 2, 3, 5, 'FTM-GSK-OA-01', 'PORT 53', 'ODC-GSK-FAA', 'CORE - 53', 'EA-01/FTB-02/75'),
(180, 6, 1, 2, 3, 6, 'FTM-GSK-OA-01', 'PORT 54', 'ODC-GSK-FAA', 'CORE - 54', 'EA-01/FTB-02/76'),
(181, 6, 1, 2, 3, 7, 'FTM-GSK-OA-01', 'PORT 55', 'ODC-GSK-FAA', 'CORE - 55', 'EA-01/FTB-02/77'),
(182, 6, 1, 2, 3, 8, 'FTM-GSK-OA-01', 'PORT 56', 'ODC-GSK-FAA', 'CORE - 56', 'EA-01/FTB-02/78'),
(183, 6, 1, 2, 3, 9, 'FTM-GSK-OA-01', 'PORT 57', 'ODC-GSK-FAA', 'CORE - 57', 'EA-01/FTB-02/80'),
(184, 6, 1, 2, 3, 10, 'FTM-GSK-OA-01', 'PORT 58', 'ODC-GSK-FAA', 'CORE - 58', 'EA-01/FTB-02/103'),
(185, 6, 1, 2, 3, 11, 'FTM-GSK-OA-01', 'PORT 59', 'ODC-GSK-FAA', 'CORE - 59', 'EA-01/FTB-02/107'),
(186, 6, 1, 2, 3, 12, 'FTM-GSK-OA-01', 'PORT 60', 'ODC-GSK-FAA', 'CORE - 60', 'EA-01/FTB-02/111'),
(187, 6, 1, 2, 3, 13, 'FTM-GSK-OA-01', 'PORT 61', 'ODC-GSK-FAA', 'CORE - 61', 'EA-01/FTB-02/62'),
(188, 6, 1, 2, 3, 14, 'FTM-GSK-OA-01', 'PORT 62', 'ODC-GSK-FAA', 'CORE - 62', 'EA-01/FTB-02/95'),
(189, 6, 1, 2, 3, 15, 'FTM-GSK-OA-01', 'PORT 63', 'ODC-GSK-FAA', 'CORE - 63', 'EA-01/FTB-02/64'),
(190, 6, 1, 2, 3, 16, 'FTM-GSK-OA-01', 'PORT 64', 'ODC-GSK-FAA', 'CORE - 64', 'EA-01/FTB-02/01'),
(191, 6, 1, 2, 3, 17, 'FTM-GSK-OA-01', 'PORT 65', 'ODC-GSK-FAA', 'CORE - 65', 'EA-01/FTB-02/02'),
(192, 6, 1, 2, 3, 18, 'FTM-GSK-OA-01', 'PORT 66', 'ODC-GSK-FAA', 'CORE - 66', 'EA-01/FTB-02/03'),
(193, 6, 1, 2, 3, 19, 'FTM-GSK-OA-01', 'PORT 67', 'ODC-GSK-FAA', 'CORE - 67', 'EA-01/FTB-02/04'),
(194, 6, 1, 2, 3, 20, 'FTM-GSK-OA-01', 'PORT 68', 'ODC-GSK-FAA', 'CORE - 68', ''),
(195, 6, 1, 2, 3, 21, 'FTM-GSK-OA-01', 'PORT 69', 'ODC-GSK-FAA', 'CORE - 69', 'EA-01/FTB-02/37'),
(196, 6, 1, 2, 3, 22, 'FTM-GSK-OA-01', 'PORT 70', 'ODC-GSK-FAA', 'CORE - 70', 'EA-01/FTB-04/10'),
(197, 6, 1, 2, 3, 23, 'FTM-GSK-OA-01', 'PORT 71', 'ODC-GSK-FAA', 'CORE - 71', 'EA-01/FTB-03/18'),
(198, 6, 1, 2, 3, 24, 'FTM-GSK-OA-01', 'PORT 72', 'ODC-GSK-FAA', 'CORE - 72', 'EA-01/FTB-05/129'),
(199, 6, 1, 2, 4, 1, 'FTM-GSK-OA-01', 'PORT 73', 'ODC-GSK-FAA', 'CORE - 73', 'EA-01/FTB-05/130'),
(200, 6, 1, 2, 4, 2, 'FTM-GSK-OA-01', 'PORT 74', 'ODC-GSK-FAA', 'CORE - 74', 'EA-01/FTB-05/136'),
(201, 6, 1, 2, 4, 3, 'FTM-GSK-OA-01', 'PORT 75', 'ODC-GSK-FAA', 'CORE - 75', 'EA-01/FTB-05/134'),
(202, 6, 1, 2, 4, 4, 'FTM-GSK-OA-01', 'PORT 76', 'ODC-GSK-FAA', 'CORE - 76', 'EA-01/FTB-05/137'),
(203, 6, 1, 2, 4, 5, 'FTM-GSK-OA-01', 'PORT 77', 'ODC-GSK-FAA', 'CORE - 77', 'EA-01/FTB-05/132'),
(204, 6, 1, 2, 4, 6, 'FTM-GSK-OA-01', 'PORT 78', 'ODC-GSK-FAA', 'CORE - 78', 'EA-01/FTB-05/131'),
(205, 6, 1, 2, 4, 7, 'FTM-GSK-OA-01', 'PORT 79', 'ODC-GSK-FAA', 'CORE - 79', 'EA-01/FTB-05/133'),
(206, 6, 1, 2, 4, 8, 'FTM-GSK-OA-01', 'PORT 80', 'ODC-GSK-FAA', 'CORE - 80', 'EA-01/FTB-05/135'),
(207, 6, 1, 2, 4, 9, 'FTM-GSK-OA-01', 'PORT 81', 'ODC-GSK-FAA', 'CORE - 81', 'EA-01/FTB-05/140'),
(208, 6, 1, 2, 4, 10, 'FTM-GSK-OA-01', 'PORT 82', 'ODC-GSK-FAA', 'CORE - 82', 'EA-01/FTB-03/72'),
(209, 6, 1, 2, 4, 11, 'FTM-GSK-OA-01', 'PORT 83', 'ODC-GSK-FAA', 'CORE - 83', 'EA-01/FTB-04/22'),
(210, 6, 1, 2, 4, 12, 'FTM-GSK-OA-01', 'PORT 84', 'ODC-GSK-FAA', 'CORE - 84', 'EA-01/FTB-04/23'),
(211, 6, 1, 2, 4, 13, 'FTM-GSK-OA-01', 'PORT 85', 'ODC-GSK-FAA', 'CORE - 85', 'EA-01/FTB-04/48'),
(212, 6, 1, 2, 4, 14, 'FTM-GSK-OA-01', 'PORT 86', 'ODC-GSK-FAA', 'CORE - 86', 'EA-01/FTB-04/42'),
(213, 6, 1, 2, 4, 15, 'FTM-GSK-OA-01', 'PORT 87', 'ODC-GSK-FAA', 'CORE - 87', 'EA-01/FTB-03/61'),
(214, 6, 1, 2, 4, 16, 'FTM-GSK-OA-01', 'PORT 88', 'ODC-GSK-FAA', 'CORE - 88', 'EA-01/FTB-06/30'),
(215, 6, 1, 2, 4, 17, 'FTM-GSK-OA-01', 'PORT 89', 'ODC-GSK-FAA', 'CORE - 89', '-'),
(216, 6, 1, 2, 4, 18, 'FTM-GSK-OA-01', 'PORT 90', 'ODC-GSK-FAA', 'CORE - 90', 'EA-01/FTB-04/70'),
(217, 6, 1, 2, 4, 19, 'FTM-GSK-OA-01', 'PORT 91', 'ODC-GSK-FAA', 'CORE - 91', 'EA-01/FTB-03/104'),
(218, 6, 1, 2, 4, 20, 'FTM-GSK-OA-01', 'PORT 92', 'ODC-GSK-FAA', 'CORE - 92', 'EA-01/FTB-03/63'),
(219, 6, 1, 2, 4, 21, 'FTM-GSK-OA-01', 'PORT 93', 'ODC-GSK-FAA', 'CORE - 93', 'EA-01/FTB-03/59'),
(220, 6, 1, 2, 4, 22, 'FTM-GSK-OA-01', 'PORT 94', 'ODC-GSK-FAA', 'CORE - 94', '-'),
(221, 6, 1, 2, 4, 23, 'FTM-GSK-OA-01', 'PORT 95', 'ODC-GSK-FAA', 'CORE - 95', 'EA-01/FTB-03/57'),
(222, 6, 1, 2, 4, 24, 'FTM-GSK-OA-01', 'PORT 96', 'ODC-GSK-FAA', 'CORE - 96', 'EA-01/FTB-03/56'),
(223, 6, 1, 2, 5, 1, 'FTM-GSK-OA-01', 'PORT 97', 'ODC-GSK-FJ', 'CORE - 97', 'EA-01/FTB-02/46'),
(224, 6, 1, 2, 5, 2, 'FTM-GSK-OA-01', 'PORT 98', 'ODC-GSK-FJ', 'CORE - 98', 'EA-01/FTB-02/47'),
(225, 6, 1, 2, 5, 3, 'FTM-GSK-OA-01', 'PORT 99', 'ODC-GSK-FJ', 'CORE - 99', 'EA-01/FTB-02/48'),
(226, 6, 1, 2, 5, 4, 'FTM-GSK-OA-01', 'PORT 100', 'ODC-GSK-FJ', 'CORE - 100', 'EA-01/FTB-02/49'),
(227, 6, 1, 2, 5, 5, 'FTM-GSK-OA-01', 'PORT 101', 'ODC-GSK-FJ', 'CORE - 101', 'EA-01/FTB-02/50'),
(228, 6, 1, 2, 5, 6, 'FTM-GSK-OA-01', 'PORT 102', 'ODC-GSK-FJ', 'CORE - 102', 'EA-01/FTB-02/51'),
(229, 6, 1, 2, 5, 7, 'FTM-GSK-OA-01', 'PORT 103', 'ODC-GSK-FJ', 'CORE - 103', 'EA-01/FTB-02/52'),
(230, 6, 1, 2, 5, 8, 'FTM-GSK-OA-01', 'PORT 104', 'ODC-GSK-FJ', 'CORE - 104', 'EA-01/FTB-02/53'),
(231, 6, 1, 2, 5, 9, 'FTM-GSK-OA-01', 'PORT 105', 'ODC-GSK-FJ', 'CORE - 105', 'EA-01/FTB-02/54'),
(232, 6, 1, 2, 5, 10, 'FTM-GSK-OA-01', 'PORT 106', 'ODC-GSK-FJ', 'CORE - 106', 'EA-01/FTB-02/55'),
(233, 6, 1, 2, 5, 11, 'FTM-GSK-OA-01', 'PORT 107', 'ODC-GSK-FJ', 'CORE - 107', 'EA-01/FTB-02/56'),
(234, 6, 1, 2, 5, 12, 'FTM-GSK-OA-01', 'PORT 108', 'ODC-GSK-FJ', 'CORE - 108', 'EA-01/FTB-02/57'),
(235, 6, 1, 2, 5, 13, 'FTM-GSK-OA-01', 'PORT 109', 'ODC-GSK-FJ', 'CORE - 109', 'EA-01/FTB-02/58'),
(236, 6, 1, 2, 5, 14, 'FTM-GSK-OA-01', 'PORT 110', 'ODC-GSK-FJ', 'CORE - 110', 'EA-01/FTB-02/59'),
(237, 6, 1, 2, 5, 15, 'FTM-GSK-OA-01', 'PORT 111', 'ODC-GSK-FJ', 'CORE - 111', 'EA-01/FTB-02/60'),
(238, 6, 1, 2, 5, 16, 'FTM-GSK-OA-01', 'PORT 112', 'ODC-GSK-FJ', 'CORE - 112', 'EA-01/FTB-02/61'),
(239, 6, 1, 2, 5, 17, 'FTM-GSK-OA-01', 'PORT 113', 'ODC-GSK-FJ', 'CORE - 113', 'EA-01/FTB-01/05'),
(240, 6, 1, 2, 5, 18, 'FTM-GSK-OA-01', 'PORT 114', 'ODC-GSK-FJ', 'CORE - 114', 'EA-01/FTB-01/08'),
(241, 6, 1, 2, 5, 19, 'FTM-GSK-OA-01', 'PORT 115', 'ODC-GSK-FJ', 'CORE - 115', 'EA-01/FTB-02/105'),
(242, 6, 1, 2, 5, 20, 'FTM-GSK-OA-01', 'PORT 116', 'ODC-GSK-FJ', 'CORE - 116', 'EA-01/FTB-02/106'),
(243, 6, 1, 2, 5, 21, 'FTM-GSK-OA-01', 'PORT 117', 'ODC-GSK-FJ', 'CORE - 117', 'EA-01/FTB-02/107'),
(244, 6, 1, 2, 5, 22, 'FTM-GSK-OA-01', 'PORT 118', 'ODC-GSK-FJ', 'CORE - 118', 'EA-01/FTB-02/108'),
(245, 6, 1, 2, 5, 23, 'FTM-GSK-OA-01', 'PORT 119', 'ODC-GSK-FJ', 'CORE - 119', '-'),
(246, 6, 1, 2, 5, 24, 'FTM-GSK-OA-01', 'PORT 120', 'ODC-GSK-FJ', 'CORE - 120', ''),
(247, 6, 1, 2, 6, 1, 'FTM-GSK-OA-01', 'PORT 121', 'ODC-GSK-FJ', 'CORE - 121', '-'),
(248, 6, 1, 2, 6, 2, 'FTM-GSK-OA-01', 'PORT 122', 'ODC-GSK-FJ', 'CORE - 122', 'EA-01/FTB-02/110'),
(249, 6, 1, 2, 6, 3, 'FTM-GSK-OA-01', 'PORT 123', 'ODC-GSK-FJ', 'CORE - 123', '-'),
(250, 6, 1, 2, 6, 4, 'FTM-GSK-OA-01', 'PORT 124', 'ODC-GSK-FJ', 'CORE - 124', 'EA-01/FTB-04/102'),
(251, 6, 1, 2, 6, 5, 'FTM-GSK-OA-01', 'PORT 125', 'ODC-GSK-FJ', 'CORE - 125', '-'),
(252, 6, 1, 2, 6, 6, 'FTM-GSK-OA-01', 'PORT 126', 'ODC-GSK-FJ', 'CORE - 126', 'EA-01/FTB-05/06'),
(253, 6, 1, 2, 6, 7, 'FTM-GSK-OA-01', 'PORT 127', 'ODC-GSK-FJ', 'CORE - 127', '-'),
(254, 6, 1, 2, 6, 8, 'FTM-GSK-OA-01', 'PORT 128', 'ODC-GSK-FJ', 'CORE - 128', '-'),
(255, 6, 1, 2, 6, 9, 'FTM-GSK-OA-01', 'PORT 129', 'ODC-GSK-FJ', 'CORE - 129', '-'),
(256, 6, 1, 2, 6, 10, 'FTM-GSK-OA-01', 'PORT 130', 'ODC-GSK-FJ', 'CORE - 130', 'EA-01/FTB-03/82'),
(257, 6, 1, 2, 6, 11, 'FTM-GSK-OA-01', 'PORT 131', 'ODC-GSK-FJ', 'CORE - 131', 'EA-01/FTB-03/83'),
(258, 6, 1, 2, 6, 12, 'FTM-GSK-OA-01', 'PORT 132', 'ODC-GSK-FJ', 'CORE - 132', 'EA-01/FTB-02/109'),
(259, 6, 1, 2, 6, 13, 'FTM-GSK-OA-01', 'PORT 133', 'ODC-GSK-FJ', 'CORE - 133', '-'),
(260, 6, 1, 2, 6, 14, 'FTM-GSK-OA-01', 'PORT 134', 'ODC-GSK-FJ', 'CORE - 134', 'EA-01/FTB-03/116'),
(261, 6, 1, 2, 6, 15, 'FTM-GSK-OA-01', 'PORT 135', 'ODC-GSK-FJ', 'CORE - 135', '-'),
(262, 6, 1, 2, 6, 16, 'FTM-GSK-OA-01', 'PORT 136', 'ODC-GSK-FJ', 'CORE - 136', 'EA-01/FTB-03/117'),
(263, 6, 1, 2, 6, 17, 'FTM-GSK-OA-01', 'PORT 137', 'ODC-GSK-FJ', 'CORE - 137', 'EA-01/FTB-03/118'),
(264, 6, 1, 2, 6, 18, 'FTM-GSK-OA-01', 'PORT 138', 'ODC-GSK-FJ', 'CORE - 138', 'EA-01/FTB-03/119'),
(265, 6, 1, 2, 6, 19, 'FTM-GSK-OA-01', 'PORT 139', 'ODC-GSK-FJ', 'CORE - 139', 'EA-01/FTB-03/120'),
(266, 6, 1, 2, 6, 20, 'FTM-GSK-OA-01', 'PORT 140', 'ODC-GSK-FJ', 'CORE - 140', 'EA-01/FTB-03/115'),
(267, 6, 1, 2, 6, 21, 'FTM-GSK-OA-01', 'PORT 141', 'ODC-GSK-FJ', 'CORE - 141', '-'),
(268, 6, 1, 2, 6, 22, 'FTM-GSK-OA-01', 'PORT 142', 'ODC-GSK-FJ', 'CORE - 142', 'EA-01/FTB-03/90'),
(269, 6, 1, 2, 6, 23, 'FTM-GSK-OA-01', 'PORT 143', 'ODC-GSK-FJ', 'CORE - 143', 'EA-01/FTB-03/91'),
(270, 6, 1, 2, 6, 24, 'FTM-GSK-OA-01', 'PORT 144', 'ODC-GSK-FJ', 'CORE - 144', '-'),
(271, 6, 1, 3, 1, 1, 'FTM-GSK-OA-01', 'PORT 01', 'ODC-GSK-FAD', 'CORE - 145', '-'),
(272, 6, 1, 3, 1, 2, 'FTM-GSK-OA-01', 'PORT 02', 'ODC-GSK-FAD', 'CORE - 146', 'EA-01/FTB-03/97'),
(273, 6, 1, 3, 1, 3, 'FTM-GSK-OA-01', 'PORT 03', 'ODC-GSK-FAD', 'CORE - 147', 'EA-01/FTB-03/98'),
(274, 6, 1, 3, 1, 4, 'FTM-GSK-OA-01', 'PORT 04', 'ODC-GSK-FAD', 'CORE - 148', 'EA-01/FTB-04/104'),
(275, 6, 1, 3, 1, 5, 'FTM-GSK-OA-01', 'PORT 05', 'ODC-GSK-FAD', 'CORE - 149', 'EA-01/FTB-04/107'),
(276, 6, 1, 3, 1, 6, 'FTM-GSK-OA-01', 'PORT 06', 'ODC-GSK-FAD', 'CORE - 150', 'EA-01/FTB-04/108'),
(277, 6, 1, 3, 1, 7, 'FTM-GSK-OA-01', 'PORT 07', 'ODC-GSK-FAD', 'CORE - 151', 'EA-01/FTB-04/109'),
(278, 6, 1, 3, 1, 8, 'FTM-GSK-OA-01', 'PORT 08', 'ODC-GSK-FAD', 'CORE - 152', 'EA-01/FTB-04/110'),
(279, 6, 1, 3, 1, 9, 'FTM-GSK-OA-01', 'PORT 09', 'ODC-GSK-FAD', 'CORE - 153', 'EA-01/FTB-04/111'),
(280, 6, 1, 3, 1, 10, 'FTM-GSK-OA-01', 'PORT 10', 'ODC-GSK-FAD', 'CORE - 154', 'EA-01/FTB-04/112'),
(281, 6, 1, 3, 1, 11, 'FTM-GSK-OA-01', 'PORT 11', 'ODC-GSK-FAD', 'CORE - 155', 'EA-01/FTB-05/37'),
(282, 6, 1, 3, 1, 12, 'FTM-GSK-OA-01', 'PORT 12', 'ODC-GSK-FAD', 'CORE - 156', 'EA-01/FTB-05/40'),
(283, 6, 1, 3, 1, 13, 'FTM-GSK-OA-01', 'PORT 13', 'ODC-GSK-FAD', 'CORE - 157', 'EA-01/FTB-04/97'),
(284, 6, 1, 3, 1, 14, 'FTM-GSK-OA-01', 'PORT 14', 'ODC-GSK-FAD', 'CORE - 158', 'EA-01/FTB-04/98'),
(285, 6, 1, 3, 1, 15, 'FTM-GSK-OA-01', 'PORT 15', 'ODC-GSK-FAD', 'CORE - 159', 'EA-01/FTB-04/103'),
(286, 6, 1, 3, 1, 16, 'FTM-GSK-OA-01', 'PORT 16', 'ODC-GSK-FAD', 'CORE - 160', ''),
(287, 6, 1, 3, 1, 17, 'FTM-GSK-OA-01', 'PORT 17', 'ODC-GSK-FAD', 'CORE - 161', 'EA-01/FTB-06/08'),
(288, 6, 1, 3, 1, 18, 'FTM-GSK-OA-01', 'PORT 18', 'ODC-GSK-FAD', 'CORE - 162', 'EA-01/FTB-04/65'),
(289, 6, 1, 3, 1, 19, 'FTM-GSK-OA-01', 'PORT 19', 'ODC-GSK-FAD', 'CORE - 163', 'EA-01/FTB-05/34'),
(290, 6, 1, 3, 1, 20, 'FTM-GSK-OA-01', 'PORT 20', 'ODC-GSK-FAD', 'CORE - 164', 'EA-01/FTB-02/126'),
(291, 6, 1, 3, 1, 21, 'FTM-GSK-OA-01', 'PORT 21', 'ODC-GSK-FAD', 'CORE - 165', 'EA-01/FTB-05/28'),
(292, 6, 1, 3, 1, 22, 'FTM-GSK-OA-01', 'PORT 22', 'ODC-GSK-FAD', 'CORE - 166', 'EA-01/FTB-05/29'),
(293, 6, 1, 3, 1, 23, 'FTM-GSK-OA-01', 'PORT 23', 'ODC-GSK-FAD', 'CORE - 167', 'EA-01/FTB-05/30'),
(294, 6, 1, 3, 1, 24, 'FTM-GSK-OA-01', 'PORT 24', 'ODC-GSK-FAD', 'CORE - 168', '-'),
(295, 6, 1, 3, 2, 1, 'FTM-GSK-OA-01', 'PORT 25', 'ODC-GSK-FP', 'CORE - 169', 'EA-01/FTB-01/101'),
(296, 6, 1, 3, 2, 2, 'FTM-GSK-OA-01', 'PORT 26', 'ODC-GSK-FP', 'CORE - 170', 'EA-01/FTB-01/127'),
(297, 6, 1, 3, 2, 3, 'FTM-GSK-OA-01', 'PORT 27', 'ODC-GSK-FP', 'CORE - 171', 'EA-01/FTB-01/123'),
(298, 6, 1, 3, 2, 4, 'FTM-GSK-OA-01', 'PORT 28', 'ODC-GSK-FP', 'CORE - 172', 'EA-01/FTB-01/124'),
(299, 6, 1, 3, 2, 5, 'FTM-GSK-OA-01', 'PORT 29', 'ODC-GSK-FP', 'CORE - 173', 'EA-01/FTB-01/125'),
(300, 6, 1, 3, 2, 6, 'FTM-GSK-OA-01', 'PORT 30', 'ODC-GSK-FP', 'CORE - 174', 'EA-01/FTB-01/129'),
(301, 6, 1, 3, 2, 7, 'FTM-GSK-OA-01', 'PORT 31', 'ODC-GSK-FP', 'CORE - 175', 'EA-01/FTB-01/93'),
(302, 6, 1, 3, 2, 8, 'FTM-GSK-OA-01', 'PORT 32', 'ODC-GSK-FP', 'CORE - 176', 'EA-01/FTB-03/135'),
(303, 6, 1, 3, 2, 9, 'FTM-GSK-OA-01', 'PORT 33', 'ODC-GSK-FP', 'CORE - 177', 'EA-01/FTB-01/129'),
(304, 6, 1, 3, 2, 10, 'FTM-GSK-OA-01', 'PORT 34', 'ODC-GSK-FP', 'CORE - 178', 'EA-01/FTB-01/130'),
(305, 6, 1, 3, 2, 11, 'FTM-GSK-OA-01', 'PORT 35', 'ODC-GSK-FP', 'CORE - 179', '-'),
(306, 6, 1, 3, 2, 12, 'FTM-GSK-OA-01', 'PORT 36', 'ODC-GSK-FP', 'CORE - 180', 'EA-01/FTB-01/132'),
(307, 6, 1, 3, 2, 13, 'FTM-GSK-OA-01', 'PORT 37', '', '', ''),
(308, 6, 1, 3, 2, 14, 'FTM-GSK-OA-01', 'PORT 38', '', '', ''),
(309, 6, 1, 3, 2, 15, 'FTM-GSK-OA-01', 'PORT 39', '', '', ''),
(310, 6, 1, 3, 2, 16, 'FTM-GSK-OA-01', 'PORT 40', '', '', ''),
(311, 6, 1, 3, 2, 17, 'FTM-GSK-OA-01', 'PORT 41', '', '', ''),
(312, 6, 1, 3, 2, 18, 'FTM-GSK-OA-01', 'PORT 42', '', '', ''),
(313, 6, 1, 3, 2, 19, 'FTM-GSK-OA-01', 'PORT 43', '', '', ''),
(314, 6, 1, 3, 2, 20, 'FTM-GSK-OA-01', 'PORT 44', '', '', ''),
(315, 6, 1, 3, 2, 21, 'FTM-GSK-OA-01', 'PORT 45', '', '', ''),
(316, 6, 1, 3, 2, 22, 'FTM-GSK-OA-01', 'PORT 46', '', '', ''),
(317, 6, 1, 3, 2, 23, 'FTM-GSK-OA-01', 'PORT 47', '', '', ''),
(318, 6, 1, 3, 2, 24, 'FTM-GSK-OA-01', 'PORT 48', '', '', ''),
(319, 6, 1, 3, 3, 1, 'FTM-GSK-OA-01', 'PORT 49', 'ODC-GSK-FS', 'CORE - 193', 'EA-01/FTB-02/35'),
(320, 6, 1, 3, 3, 2, 'FTM-GSK-OA-01', 'PORT 50', 'ODC-GSK-FS', 'CORE - 194', '-'),
(321, 6, 1, 3, 3, 3, 'FTM-GSK-OA-01', 'PORT 51', 'ODC-GSK-FS', 'CORE - 195', 'EA-01/FTB-03/92'),
(322, 6, 1, 3, 3, 4, 'FTM-GSK-OA-01', 'PORT 52', 'ODC-GSK-FS', 'CORE - 196', 'EA-01/FTB-02/38'),
(323, 6, 1, 3, 3, 5, 'FTM-GSK-OA-01', 'PORT 53', 'ODC-GSK-FS', 'CORE - 197', 'EA-01/FTB-02/39'),
(324, 6, 1, 3, 3, 6, 'FTM-GSK-OA-01', 'PORT 54', 'ODC-GSK-FS', 'CORE - 198', 'EA-01/FTB-02/40'),
(325, 6, 1, 3, 3, 7, 'FTM-GSK-OA-01', 'PORT 55', 'ODC-GSK-FS', 'CORE - 199', 'EA-01/FTB-03/35'),
(326, 6, 1, 3, 3, 8, 'FTM-GSK-OA-01', 'PORT 56', 'ODC-GSK-FS', 'CORE - 200', 'EA-01/FTB-02/42'),
(327, 6, 1, 3, 3, 9, 'FTM-GSK-OA-01', 'PORT 57', 'ODC-GSK-FS', 'CORE - 201', 'EA-01/FTB-02/43'),
(328, 6, 1, 3, 3, 10, 'FTM-GSK-OA-01', 'PORT 58', 'ODC-GSK-FS', 'CORE - 202', 'EA-01/FTB-02/44'),
(329, 6, 1, 3, 3, 11, 'FTM-GSK-OA-01', 'PORT 59', 'ODC-GSK-FS', 'CORE - 203', ''),
(330, 6, 1, 3, 3, 12, 'FTM-GSK-OA-01', 'PORT 60', 'ODC-GSK-FS', 'CORE - 204', '-'),
(331, 6, 1, 3, 3, 13, 'FTM-GSK-OA-01', 'PORT 61', 'ODC-GSK-FS', 'CORE - 205', 'EA-01/FTB-02/45'),
(332, 6, 1, 3, 3, 14, 'FTM-GSK-OA-01', 'PORT 62', 'ODC-GSK-FS', 'CORE - 206', '-'),
(333, 6, 1, 3, 3, 15, 'FTM-GSK-OA-01', 'PORT 63', 'ODC-GSK-FS', 'CORE - 207', 'EA-01/FTB-05/144'),
(334, 6, 1, 3, 3, 16, 'FTM-GSK-OA-01', 'PORT 64', 'ODC-GSK-FS', 'CORE - 208', 'EA-01/FTB-01/03'),
(335, 6, 1, 3, 3, 17, 'FTM-GSK-OA-01', 'PORT 65', 'ODC-GSK-FS', 'CORE - 209', 'EA-01/FTB-02/34'),
(336, 6, 1, 3, 3, 18, 'FTM-GSK-OA-01', 'PORT 66', 'ODC-GSK-FS', 'CORE - 210', 'EA-01/FTB-01/63'),
(337, 6, 1, 3, 3, 19, 'FTM-GSK-OA-01', 'PORT 67', 'ODC-GSK-FS', 'CORE - 211', 'EA-01/FTB-04/14'),
(338, 6, 1, 3, 3, 20, 'FTM-GSK-OA-01', 'PORT 68', 'ODC-GSK-FS', 'CORE - 212', 'EA-01/FTB-04/101'),
(339, 6, 1, 3, 3, 21, 'FTM-GSK-OA-01', 'PORT 69', 'ODC-GSK-FS', 'CORE - 213', 'EA-01/FTB-04/15'),
(340, 6, 1, 3, 3, 22, 'FTM-GSK-OA-01', 'PORT 70', 'ODC-GSK-FS', 'CORE - 214', 'EA-01/FTB-04/99'),
(341, 6, 1, 3, 3, 23, 'FTM-GSK-OA-01', 'PORT 71', 'ODC-GSK-FS', 'CORE - 215', 'EA-01/FTB-04/100'),
(342, 6, 1, 3, 3, 24, 'FTM-GSK-OA-01', 'PORT 72', 'ODC-GSK-FS', 'CORE - 216', 'EA-01/FTB-04/16'),
(343, 6, 1, 3, 4, 1, 'FTM-GSK-OA-01', 'PORT 73', 'ODC-GSK-FS', 'CORE - 217', 'EA-01/FTB-05/56'),
(344, 6, 1, 3, 4, 2, 'FTM-GSK-OA-01', 'PORT 74', 'ODC-GSK-FS', 'CORE - 218', '-'),
(345, 6, 1, 3, 4, 3, 'FTM-GSK-OA-01', 'PORT 75', 'ODC-GSK-FS', 'CORE - 219', '-'),
(346, 6, 1, 3, 4, 4, 'FTM-GSK-OA-01', 'PORT 76', 'ODC-GSK-FS', 'CORE - 220', '-'),
(347, 6, 1, 3, 4, 5, 'FTM-GSK-OA-01', 'PORT 77', 'ODC-GSK-FS', 'CORE - 221', 'EA-01/FTB-05/71'),
(348, 6, 1, 3, 4, 6, 'FTM-GSK-OA-01', 'PORT 78', 'ODC-GSK-FS', 'CORE - 222', '-'),
(349, 6, 1, 3, 4, 7, 'FTM-GSK-OA-01', 'PORT 79', 'ODC-GSK-FS', 'CORE - 223', 'EA-01/FTB-02/41'),
(350, 6, 1, 3, 4, 8, 'FTM-GSK-OA-01', 'PORT 80', 'ODC-GSK-FS', 'CORE - 224', '-'),
(351, 6, 1, 3, 4, 9, 'FTM-GSK-OA-01', 'PORT 81', 'ODC-GSK-FS', 'CORE - 225', 'EA-01/FTB-03/36'),
(352, 6, 1, 3, 4, 10, 'FTM-GSK-OA-01', 'PORT 82', 'ODC-GSK-FS', 'CORE - 226', 'EA-01/FTB-03/37'),
(353, 6, 1, 3, 4, 11, 'FTM-GSK-OA-01', 'PORT 83', 'ODC-GSK-FS', 'CORE - 227', '-'),
(354, 6, 1, 3, 4, 12, 'FTM-GSK-OA-01', 'PORT 84', 'ODC-GSK-FS', 'CORE - 228', '-'),
(355, 6, 1, 3, 4, 13, 'FTM-GSK-OA-01', 'PORT 85', 'ODC-GSK-FAE', 'CORE - 229', '-'),
(356, 6, 1, 3, 4, 14, 'FTM-GSK-OA-01', 'PORT 86', 'ODC-GSK-FAE', 'CORE - 230', '-'),
(357, 6, 1, 3, 4, 15, 'FTM-GSK-OA-01', 'PORT 87', 'ODC-GSK-FAE', 'CORE - 231', '-'),
(358, 6, 1, 3, 4, 16, 'FTM-GSK-OA-01', 'PORT 88', 'ODC-GSK-FAE', 'CORE - 232', '-'),
(359, 6, 1, 3, 4, 17, 'FTM-GSK-OA-01', 'PORT 89', 'ODC-GSK-FAE', 'CORE - 233', 'EA-01/FTB-03/19'),
(360, 6, 1, 3, 4, 18, 'FTM-GSK-OA-01', 'PORT 90', 'ODC-GSK-FAE', 'CORE - 234', '-'),
(361, 6, 1, 3, 4, 19, 'FTM-GSK-OA-01', 'PORT 91', 'ODC-GSK-FAE', 'CORE - 235', 'EA-01/FTB-03/17'),
(362, 6, 1, 3, 4, 20, 'FTM-GSK-OA-01', 'PORT 92', 'ODC-GSK-FAE', 'CORE - 236', '-'),
(363, 6, 1, 3, 4, 21, 'FTM-GSK-OA-01', 'PORT 93', 'ODC-GSK-FAE', 'CORE - 237', '-'),
(364, 6, 1, 3, 4, 22, 'FTM-GSK-OA-01', 'PORT 94', 'ODC-GSK-FAE', 'CORE - 238', '-'),
(365, 6, 1, 3, 4, 23, 'FTM-GSK-OA-01', 'PORT 95', 'ODC-GSK-FAE', 'CORE - 239', '-'),
(366, 6, 1, 3, 4, 24, 'FTM-GSK-OA-01', 'PORT 96', 'ODC-GSK-FAE', 'CORE - 240', 'EA-01/FTB-05/10'),
(367, 6, 1, 3, 5, 1, 'FTM-GSK-OA-01', 'PORT 97', '', '', ''),
(368, 6, 1, 3, 5, 2, 'FTM-GSK-OA-01', 'PORT 98', '', '', ''),
(369, 6, 1, 3, 5, 3, 'FTM-GSK-OA-01', 'PORT 99', '', '', ''),
(370, 6, 1, 3, 5, 4, 'FTM-GSK-OA-01', 'PORT 100', '', '', ''),
(371, 6, 1, 3, 5, 5, 'FTM-GSK-OA-01', 'PORT 101', '', '', ''),
(372, 6, 1, 3, 5, 6, 'FTM-GSK-OA-01', 'PORT 102', '', '', ''),
(373, 6, 1, 3, 5, 7, 'FTM-GSK-OA-01', 'PORT 103', '', '', ''),
(374, 6, 1, 3, 5, 8, 'FTM-GSK-OA-01', 'PORT 104', '', '', ''),
(375, 6, 1, 3, 5, 9, 'FTM-GSK-OA-01', 'PORT 105', '', '', ''),
(376, 6, 1, 3, 5, 10, 'FTM-GSK-OA-01', 'PORT 106', '', '', ''),
(377, 6, 1, 3, 5, 11, 'FTM-GSK-OA-01', 'PORT 107', '', '', ''),
(378, 6, 1, 3, 5, 12, 'FTM-GSK-OA-01', 'PORT 108', '', '', ''),
(379, 6, 1, 3, 5, 13, 'FTM-GSK-OA-01', 'PORT 109', '', '', ''),
(380, 6, 1, 3, 5, 14, 'FTM-GSK-OA-01', 'PORT 110', '', '', ''),
(381, 6, 1, 3, 5, 15, 'FTM-GSK-OA-01', 'PORT 111', '', '', ''),
(382, 6, 1, 3, 5, 16, 'FTM-GSK-OA-01', 'PORT 112', '', '', ''),
(383, 6, 1, 3, 5, 17, 'FTM-GSK-OA-01', 'PORT 113', '', '', ''),
(384, 6, 1, 3, 5, 18, 'FTM-GSK-OA-01', 'PORT 114', '', '', ''),
(385, 6, 1, 3, 5, 19, 'FTM-GSK-OA-01', 'PORT 115', '', '', ''),
(386, 6, 1, 3, 5, 20, 'FTM-GSK-OA-01', 'PORT 116', '', '', ''),
(387, 6, 1, 3, 5, 21, 'FTM-GSK-OA-01', 'PORT 117', '', '', ''),
(388, 6, 1, 3, 5, 22, 'FTM-GSK-OA-01', 'PORT 118', '', '', ''),
(389, 6, 1, 3, 5, 23, 'FTM-GSK-OA-01', 'PORT 119', '', '', ''),
(390, 6, 1, 3, 5, 24, 'FTM-GSK-OA-01', 'PORT 120', '', '', ''),
(391, 6, 1, 3, 6, 1, 'FTM-GSK-OA-01', 'PORT 121', '', '', ''),
(392, 6, 1, 3, 6, 2, 'FTM-GSK-OA-01', 'PORT 122', '', '', ''),
(393, 6, 1, 3, 6, 3, 'FTM-GSK-OA-01', 'PORT 123', '', '', ''),
(394, 6, 1, 3, 6, 4, 'FTM-GSK-OA-01', 'PORT 124', '', '', ''),
(395, 6, 1, 3, 6, 5, 'FTM-GSK-OA-01', 'PORT 125', '', '', ''),
(396, 6, 1, 3, 6, 6, 'FTM-GSK-OA-01', 'PORT 126', '', '', ''),
(397, 6, 1, 3, 6, 7, 'FTM-GSK-OA-01', 'PORT 127', '', '', ''),
(398, 6, 1, 3, 6, 8, 'FTM-GSK-OA-01', 'PORT 128', '', '', ''),
(399, 6, 1, 3, 6, 9, 'FTM-GSK-OA-01', 'PORT 129', '', '', ''),
(400, 6, 1, 3, 6, 10, 'FTM-GSK-OA-01', 'PORT 130', '', '', ''),
(401, 6, 1, 3, 6, 11, 'FTM-GSK-OA-01', 'PORT 131', '', '', ''),
(402, 6, 1, 3, 6, 12, 'FTM-GSK-OA-01', 'PORT 132', '', '', ''),
(403, 6, 1, 3, 6, 13, 'FTM-GSK-OA-01', 'PORT 133', '', '', ''),
(404, 6, 1, 3, 6, 14, 'FTM-GSK-OA-01', 'PORT 134', '', '', ''),
(405, 6, 1, 3, 6, 15, 'FTM-GSK-OA-01', 'PORT 135', '', '', ''),
(406, 6, 1, 3, 6, 16, 'FTM-GSK-OA-01', 'PORT 136', '', '', ''),
(407, 6, 1, 3, 6, 17, 'FTM-GSK-OA-01', 'PORT 137', '', '', ''),
(408, 6, 1, 3, 6, 18, 'FTM-GSK-OA-01', 'PORT 138', '', '', ''),
(409, 6, 1, 3, 6, 19, 'FTM-GSK-OA-01', 'PORT 139', '', '', ''),
(410, 6, 1, 3, 6, 20, 'FTM-GSK-OA-01', 'PORT 140', '', '', ''),
(411, 6, 1, 3, 6, 21, 'FTM-GSK-OA-01', 'PORT 141', '', '', ''),
(412, 6, 1, 3, 6, 22, 'FTM-GSK-OA-01', 'PORT 142', '', '', ''),
(413, 6, 1, 3, 6, 23, 'FTM-GSK-OA-01', 'PORT 143', '', '', ''),
(414, 6, 1, 3, 6, 24, 'FTM-GSK-OA-01', 'PORT 144', '', '', ''),
(415, 6, 1, 1, 6, 1, 'FTM-GSK-OA-01', 'PORT 121', '', '', ''),
(416, 6, 1, 1, 6, 2, 'FTM-GSK-OA-01', 'PORT 122', '', '', ''),
(417, 6, 1, 1, 6, 3, 'FTM-GSK-OA-01', 'PORT 123', '', '', ''),
(418, 6, 1, 1, 6, 4, 'FTM-GSK-OA-01', 'PORT 124', '', '', ''),
(419, 6, 1, 1, 6, 5, 'FTM-GSK-OA-01', 'PORT 125', '', '', ''),
(420, 6, 1, 1, 6, 6, 'FTM-GSK-OA-01', 'PORT 126', '', '', ''),
(421, 6, 1, 1, 6, 7, 'FTM-GSK-OA-01', 'PORT 127', '', '', ''),
(422, 6, 1, 1, 6, 8, 'FTM-GSK-OA-01', 'PORT 128', '', '', ''),
(423, 6, 1, 1, 6, 9, 'FTM-GSK-OA-01', 'PORT 129', '', '', ''),
(424, 6, 1, 1, 6, 10, 'FTM-GSK-OA-01', 'PORT 130', '', '', ''),
(425, 6, 1, 1, 6, 11, 'FTM-GSK-OA-01', 'PORT 131', '', '', ''),
(426, 6, 1, 1, 6, 12, 'FTM-GSK-OA-01', 'PORT 132', '', '', ''),
(427, 6, 1, 1, 6, 13, 'FTM-GSK-OA-01', 'PORT 133', '', '', ''),
(428, 6, 1, 1, 6, 14, 'FTM-GSK-OA-01', 'PORT 134', '', '', ''),
(429, 6, 1, 1, 6, 15, 'FTM-GSK-OA-01', 'PORT 135', '', '', ''),
(430, 6, 1, 1, 6, 16, 'FTM-GSK-OA-01', 'PORT 136', '', '', ''),
(431, 6, 1, 1, 6, 17, 'FTM-GSK-OA-01', 'PORT 137', '', '', ''),
(432, 6, 1, 1, 6, 18, 'FTM-GSK-OA-01', 'PORT 138', '', '', ''),
(433, 6, 1, 1, 6, 19, 'FTM-GSK-OA-01', 'PORT 139', '', '', ''),
(434, 6, 1, 1, 6, 20, 'FTM-GSK-OA-01', 'PORT 140', '', '', ''),
(435, 6, 1, 1, 6, 21, 'FTM-GSK-OA-01', 'PORT 141', '', '', ''),
(436, 6, 1, 1, 6, 22, 'FTM-GSK-OA-01', 'PORT 142', '', '', ''),
(437, 6, 1, 1, 6, 23, 'FTM-GSK-OA-01', 'PORT 143', '', '', ''),
(438, 6, 1, 1, 6, 24, 'FTM-GSK-OA-01', 'PORT 144', '', '', ''),
(439, 6, 1, 4, 1, 1, 'FTM-GSK-OA-01', 'PORT 01', '', '', ''),
(440, 6, 1, 4, 1, 2, 'FTM-GSK-OA-01', 'PORT 02', '', '', ''),
(441, 6, 1, 4, 1, 3, 'FTM-GSK-OA-01', 'PORT 03', '', '', ''),
(442, 6, 1, 4, 1, 4, 'FTM-GSK-OA-01', 'PORT 04', '', '', ''),
(443, 6, 1, 4, 1, 5, 'FTM-GSK-OA-01', 'PORT 05', '', '', ''),
(444, 6, 1, 4, 1, 6, 'FTM-GSK-OA-01', 'PORT 06', '', '', ''),
(445, 6, 1, 4, 1, 7, 'FTM-GSK-OA-01', 'PORT 07', '', '', ''),
(446, 6, 1, 4, 1, 8, 'FTM-GSK-OA-01', 'PORT 08', '', '', ''),
(447, 6, 1, 4, 1, 9, 'FTM-GSK-OA-01', 'PORT 09', '', '', ''),
(448, 6, 1, 4, 1, 10, 'FTM-GSK-OA-01', 'PORT 10', '', '', ''),
(449, 6, 1, 4, 1, 11, 'FTM-GSK-OA-01', 'PORT 11', '', '', ''),
(450, 6, 1, 4, 1, 12, 'FTM-GSK-OA-01', 'PORT 12', '', '', ''),
(451, 6, 1, 4, 1, 13, 'FTM-GSK-OA-01', 'PORT 13', '', '', ''),
(452, 6, 1, 4, 1, 14, 'FTM-GSK-OA-01', 'PORT 14', '', '', ''),
(453, 6, 1, 4, 1, 15, 'FTM-GSK-OA-01', 'PORT 15', '', '', ''),
(454, 6, 1, 4, 1, 16, 'FTM-GSK-OA-01', 'PORT 16', '', '', ''),
(455, 6, 1, 4, 1, 17, 'FTM-GSK-OA-01', 'PORT 17', '', '', ''),
(456, 6, 1, 4, 1, 18, 'FTM-GSK-OA-01', 'PORT 18', '', '', ''),
(457, 6, 1, 4, 1, 19, 'FTM-GSK-OA-01', 'PORT 19', '', '', ''),
(458, 6, 1, 4, 1, 20, 'FTM-GSK-OA-01', 'PORT 20', '', '', ''),
(459, 6, 1, 4, 1, 21, 'FTM-GSK-OA-01', 'PORT 21', '', '', ''),
(460, 6, 1, 4, 1, 22, 'FTM-GSK-OA-01', 'PORT 22', '', '', ''),
(461, 6, 1, 4, 1, 23, 'FTM-GSK-OA-01', 'PORT 23', '', '', ''),
(462, 6, 1, 4, 1, 24, 'FTM-GSK-OA-01', 'PORT 24', '', '', ''),
(463, 6, 1, 4, 2, 1, 'FTM-GSK-OA-01', 'PORT 25', '', '', ''),
(464, 6, 1, 4, 2, 2, 'FTM-GSK-OA-01', 'PORT 26', '', '', ''),
(465, 6, 1, 4, 2, 3, 'FTM-GSK-OA-01', 'PORT 27', '', '', ''),
(466, 6, 1, 4, 2, 4, 'FTM-GSK-OA-01', 'PORT 28', '', '', ''),
(467, 6, 1, 4, 2, 5, 'FTM-GSK-OA-01', 'PORT 29', '', '', ''),
(468, 6, 1, 4, 2, 6, 'FTM-GSK-OA-01', 'PORT 30', '', '', ''),
(469, 6, 1, 4, 2, 7, 'FTM-GSK-OA-01', 'PORT 31', '', '', ''),
(470, 6, 1, 4, 2, 8, 'FTM-GSK-OA-01', 'PORT 32', '', '', ''),
(471, 6, 1, 4, 2, 9, 'FTM-GSK-OA-01', 'PORT 33', '', '', ''),
(472, 6, 1, 4, 2, 10, 'FTM-GSK-OA-01', 'PORT 34', '', '', ''),
(473, 6, 1, 4, 2, 11, 'FTM-GSK-OA-01', 'PORT 35', '', '', ''),
(474, 6, 1, 4, 2, 12, 'FTM-GSK-OA-01', 'PORT 36', '', '', ''),
(475, 6, 1, 4, 2, 13, 'FTM-GSK-OA-01', 'PORT 37', '', '', ''),
(476, 6, 1, 4, 2, 14, 'FTM-GSK-OA-01', 'PORT 38', '', '', ''),
(477, 6, 1, 4, 2, 15, 'FTM-GSK-OA-01', 'PORT 39', '', '', ''),
(478, 6, 1, 4, 2, 16, 'FTM-GSK-OA-01', 'PORT 40', '', '', ''),
(479, 6, 1, 4, 2, 17, 'FTM-GSK-OA-01', 'PORT 41', '', '', ''),
(480, 6, 1, 4, 2, 18, 'FTM-GSK-OA-01', 'PORT 42', '', '', ''),
(481, 6, 1, 4, 2, 19, 'FTM-GSK-OA-01', 'PORT 43', '', '', ''),
(482, 6, 1, 4, 2, 20, 'FTM-GSK-OA-01', 'PORT 44', '', '', ''),
(483, 6, 1, 4, 2, 21, 'FTM-GSK-OA-01', 'PORT 45', '', '', ''),
(484, 6, 1, 4, 2, 22, 'FTM-GSK-OA-01', 'PORT 46', '', '', ''),
(485, 6, 1, 4, 2, 23, 'FTM-GSK-OA-01', 'PORT 47', '', '', ''),
(486, 6, 1, 4, 2, 24, 'FTM-GSK-OA-01', 'PORT 48', '', '', ''),
(487, 6, 1, 4, 4, 1, 'FTM-GSK-OA-01', 'PORT 73', 'ODC-GSK-FP', 'CORE - 73', '-'),
(488, 6, 1, 4, 4, 2, 'FTM-GSK-OA-01', 'PORT 74', 'ODC-GSK-FP', 'CORE - 74', '-'),
(489, 6, 1, 4, 4, 3, 'FTM-GSK-OA-01', 'PORT 75', 'ODC-GSK-FP', 'CORE - 75', '-'),
(490, 6, 1, 4, 4, 4, 'FTM-GSK-OA-01', 'PORT 76', 'ODC-GSK-FP', 'CORE - 76', '-'),
(491, 6, 1, 4, 4, 5, 'FTM-GSK-OA-01', 'PORT 77', 'ODC-GSK-FP', 'CORE - 77', '-'),
(492, 6, 1, 4, 4, 6, 'FTM-GSK-OA-01', 'PORT 78', 'ODC-GSK-FP', 'CORE - 78', '-'),
(493, 6, 1, 4, 4, 7, 'FTM-GSK-OA-01', 'PORT 79', 'ODC-GSK-FP', 'CORE - 79', '-'),
(494, 6, 1, 4, 4, 8, 'FTM-GSK-OA-01', 'PORT 80', 'ODC-GSK-FP', 'CORE - 80', '-'),
(495, 6, 1, 4, 4, 9, 'FTM-GSK-OA-01', 'PORT 81', 'ODC-GSK-FP', 'CORE - 81', 'EA-01/FTB-02/141'),
(496, 6, 1, 4, 4, 10, 'FTM-GSK-OA-01', 'PORT 82', 'ODC-GSK-FP', 'CORE - 82', '-'),
(497, 6, 1, 4, 4, 11, 'FTM-GSK-OA-01', 'PORT 83', 'ODC-GSK-FP', 'CORE - 83', '-'),
(498, 6, 1, 4, 4, 12, 'FTM-GSK-OA-01', 'PORT 84', 'ODC-GSK-FP', 'CORE - 84', '-'),
(499, 6, 1, 4, 4, 13, 'FTM-GSK-OA-01', 'PORT 85', 'ODC-GSK-FP', 'CORE - 85', '-'),
(500, 6, 1, 4, 4, 14, 'FTM-GSK-OA-01', 'PORT 86', 'ODC-GSK-FP', 'CORE - 86', 'EA-01/FTB-02/132'),
(501, 6, 1, 4, 4, 15, 'FTM-GSK-OA-01', 'PORT 87', 'ODC-GSK-FP', 'CORE - 87', 'EA-01/FTB-02/133'),
(502, 6, 1, 4, 4, 16, 'FTM-GSK-OA-01', 'PORT 88', 'ODC-GSK-FP', 'CORE - 88', 'EA-01/FTB-03/84'),
(503, 6, 1, 4, 4, 17, 'FTM-GSK-OA-01', 'PORT 89', 'ODC-GSK-FP', 'CORE - 89', 'EA-01/FTB-02/07'),
(504, 6, 1, 4, 4, 18, 'FTM-GSK-OA-01', 'PORT 90', 'ODC-GSK-FP', 'CORE - 90', 'EA-01/FTB-06/95'),
(505, 6, 1, 4, 4, 19, 'FTM-GSK-OA-01', 'PORT 91', 'ODC-GSK-FP', 'CORE - 91', 'EA-01/FTB-04/05'),
(506, 6, 1, 4, 4, 20, 'FTM-GSK-OA-01', 'PORT 92', 'ODC-GSK-FP', 'CORE - 92', 'EA-01/FTB-06/94'),
(507, 6, 1, 4, 4, 21, 'FTM-GSK-OA-01', 'PORT 93', 'ODC-GSK-FP', 'CORE - 93', 'EA-01/FTB-06/93'),
(508, 6, 1, 4, 4, 22, 'FTM-GSK-OA-01', 'PORT 94', 'ODC-GSK-FP', 'CORE - 94', 'EA-01/FTB-04/13'),
(509, 6, 1, 4, 4, 23, 'FTM-GSK-OA-01', 'PORT 95', 'ODC-GSK-FP', 'CORE - 95', 'EA-01/FTB-01/100'),
(510, 6, 1, 4, 4, 24, 'FTM-GSK-OA-01', 'PORT 96', 'ODC-GSK-FP', 'CORE - 96', 'EA-01/FTB-01/103'),
(511, 6, 1, 4, 5, 1, 'FTM-GSK-OA-01', 'PORT 97', 'ODC-GSK-FQ', 'CORE - 97', 'EA-01/FTB-01/49'),
(512, 6, 1, 4, 5, 2, 'FTM-GSK-OA-01', 'PORT 98', 'ODC-GSK-FQ', 'CORE - 98', 'EA-01/FTB-01/50'),
(513, 6, 1, 4, 5, 3, 'FTM-GSK-OA-01', 'PORT 99', 'ODC-GSK-FQ', 'CORE - 99', '-'),
(514, 6, 1, 4, 5, 4, 'FTM-GSK-OA-01', 'PORT 100', 'ODC-GSK-FQ', 'CORE - 100', 'EA-01/FTB-02/81'),
(515, 6, 1, 4, 5, 5, 'FTM-GSK-OA-01', 'PORT 101', 'ODC-GSK-FQ', 'CORE - 101', 'EA-01/FTB-01/51'),
(516, 6, 1, 4, 5, 6, 'FTM-GSK-OA-01', 'PORT 102', 'ODC-GSK-FQ', 'CORE - 102', '-'),
(517, 6, 1, 4, 5, 7, 'FTM-GSK-OA-01', 'PORT 103', 'ODC-GSK-FQ', 'CORE - 103', 'EA-01/FTB-01/87'),
(518, 6, 1, 4, 5, 8, 'FTM-GSK-OA-01', 'PORT 104', 'ODC-GSK-FQ', 'CORE - 104', '-'),
(519, 6, 1, 4, 5, 9, 'FTM-GSK-OA-01', 'PORT 105', 'ODC-GSK-FQ', 'CORE - 105', '-'),
(520, 6, 1, 4, 5, 10, 'FTM-GSK-OA-01', 'PORT 106', 'ODC-GSK-FQ', 'CORE - 106', 'EA-01/FTB-01/58'),
(521, 6, 1, 4, 5, 11, 'FTM-GSK-OA-01', 'PORT 107', 'ODC-GSK-FQ', 'CORE - 107', 'EA-01/FTB-01/59'),
(522, 6, 1, 4, 5, 12, 'FTM-GSK-OA-01', 'PORT 108', 'ODC-GSK-FQ', 'CORE - 108', 'EA-01/FTB-01/60'),
(523, 6, 1, 4, 5, 13, 'FTM-GSK-OA-01', 'PORT 109', 'ODC-GSK-FQ', 'CORE - 109', 'EA-01/FTB-01/07'),
(524, 6, 1, 4, 5, 14, 'FTM-GSK-OA-01', 'PORT 110', 'ODC-GSK-FQ', 'CORE - 110', 'EA-01/FTB-01/52'),
(525, 6, 1, 4, 5, 15, 'FTM-GSK-OA-01', 'PORT 111', 'ODC-GSK-FQ', 'CORE - 111', '-'),
(526, 6, 1, 4, 5, 16, 'FTM-GSK-OA-01', 'PORT 112', 'ODC-GSK-FQ', 'CORE - 112', 'EA-01/FTB-01/55'),
(527, 6, 1, 4, 5, 17, 'FTM-GSK-OA-01', 'PORT 113', 'ODC-GSK-FQ', 'CORE - 113', 'EA-01/FTB-01/06'),
(528, 6, 1, 4, 5, 18, 'FTM-GSK-OA-01', 'PORT 114', 'ODC-GSK-FQ', 'CORE - 114', 'EA-01/FTB-05/121'),
(529, 6, 1, 4, 5, 19, 'FTM-GSK-OA-01', 'PORT 115', 'ODC-GSK-FQ', 'CORE - 115', 'EA-01/FTB-02/82'),
(530, 6, 1, 4, 5, 20, 'FTM-GSK-OA-01', 'PORT 116', 'ODC-GSK-FQ', 'CORE - 116', 'EA-01/FTB-02/83'),
(531, 6, 1, 4, 5, 21, 'FTM-GSK-OA-01', 'PORT 117', 'ODC-GSK-FQ', 'CORE - 117', 'EA-01/FTB-06/28'),
(532, 6, 1, 4, 5, 22, 'FTM-GSK-OA-01', 'PORT 118', 'ODC-GSK-FQ', 'CORE - 118', '-'),
(533, 6, 1, 4, 5, 23, 'FTM-GSK-OA-01', 'PORT 119', 'ODC-GSK-FQ', 'CORE - 119', 'EA-01/FTB-01/53'),
(534, 6, 1, 4, 5, 24, 'FTM-GSK-OA-01', 'PORT 120', 'ODC-GSK-FQ', 'CORE - 120', 'EA-01/FTB-06/29'),
(535, 6, 1, 4, 6, 1, 'FTM-GSK-OA-01', 'PORT 121', '', '', ''),
(536, 6, 1, 4, 6, 2, 'FTM-GSK-OA-01', 'PORT 122', '', '', ''),
(537, 6, 1, 4, 6, 3, 'FTM-GSK-OA-01', 'PORT 123', '', '', ''),
(538, 6, 1, 4, 6, 4, 'FTM-GSK-OA-01', 'PORT 124', '', '', ''),
(539, 6, 1, 4, 6, 5, 'FTM-GSK-OA-01', 'PORT 125', '', '', ''),
(540, 6, 1, 4, 6, 6, 'FTM-GSK-OA-01', 'PORT 126', '', '', ''),
(541, 6, 1, 4, 6, 7, 'FTM-GSK-OA-01', 'PORT 127', '', '', ''),
(542, 6, 1, 4, 6, 8, 'FTM-GSK-OA-01', 'PORT 128', '', '', ''),
(543, 6, 1, 4, 6, 9, 'FTM-GSK-OA-01', 'PORT 129', '', '', ''),
(544, 6, 1, 4, 6, 10, 'FTM-GSK-OA-01', 'PORT 130', '', '', ''),
(545, 6, 1, 4, 6, 11, 'FTM-GSK-OA-01', 'PORT 131', '', '', ''),
(546, 6, 1, 4, 6, 12, 'FTM-GSK-OA-01', 'PORT 132', '', '', ''),
(547, 6, 1, 4, 6, 13, 'FTM-GSK-OA-01', 'PORT 133', '', '', ''),
(548, 6, 1, 4, 6, 14, 'FTM-GSK-OA-01', 'PORT 134', '', '', ''),
(549, 6, 1, 4, 6, 15, 'FTM-GSK-OA-01', 'PORT 135', '', '', ''),
(550, 6, 1, 4, 6, 16, 'FTM-GSK-OA-01', 'PORT 136', '', '', ''),
(551, 6, 1, 4, 6, 17, 'FTM-GSK-OA-01', 'PORT 137', '', '', ''),
(552, 6, 1, 4, 6, 18, 'FTM-GSK-OA-01', 'PORT 138', '', '', ''),
(553, 6, 1, 4, 6, 19, 'FTM-GSK-OA-01', 'PORT 139', '', '', ''),
(554, 6, 1, 4, 6, 20, 'FTM-GSK-OA-01', 'PORT 140', '', '', ''),
(555, 6, 1, 4, 6, 21, 'FTM-GSK-OA-01', 'PORT 141', '', '', ''),
(556, 6, 1, 4, 6, 22, 'FTM-GSK-OA-01', 'PORT 142', '', '', ''),
(557, 6, 1, 4, 6, 23, 'FTM-GSK-OA-01', 'PORT 143', '', '', ''),
(558, 6, 1, 4, 6, 24, 'FTM-GSK-OA-01', 'PORT 144', '', '', ''),
(559, 6, 1, 5, 1, 1, 'FTM-GSK-OA-01', 'PORT 01', 'ODC-GSK-FL', 'CORE -145', 'EA-01/FTB-01/118'),
(560, 6, 1, 5, 1, 2, 'FTM-GSK-OA-01', 'PORT 02', 'ODC-GSK-FL', 'CORE -146', '-'),
(561, 6, 1, 5, 1, 3, 'FTM-GSK-OA-01', 'PORT 03', 'ODC-GSK-FL', 'CORE -147', 'EA-01/FTB-01/119'),
(562, 6, 1, 5, 1, 4, 'FTM-GSK-OA-01', 'PORT 04', 'ODC-GSK-FL', 'CORE -148', 'EA-01/FTB-01/73'),
(563, 6, 1, 5, 1, 5, 'FTM-GSK-OA-01', 'PORT 05', 'ODC-GSK-FL', 'CORE -149', 'EA-01/FTB-01/74'),
(564, 6, 1, 5, 1, 6, 'FTM-GSK-OA-01', 'PORT 06', 'ODC-GSK-FL', 'CORE -150', 'EA-01/FTB-01/'),
(565, 6, 1, 5, 1, 7, 'FTM-GSK-OA-01', 'PORT 07', 'ODC-GSK-FL', 'CORE -151', 'EA-01/FTB-01/76'),
(566, 6, 1, 5, 1, 8, 'FTM-GSK-OA-01', 'PORT 08', 'ODC-GSK-FL', 'CORE -152', 'EA-01/FTB-01/77'),
(567, 6, 1, 5, 1, 9, 'FTM-GSK-OA-01', 'PORT 09', 'ODC-GSK-FL', 'CORE -153', 'EA-01/FTB-01/120'),
(568, 6, 1, 5, 1, 10, 'FTM-GSK-OA-01', 'PORT 10', 'ODC-GSK-FL', 'CORE -154', '-'),
(569, 6, 1, 5, 1, 11, 'FTM-GSK-OA-01', 'PORT 11', 'ODC-GSK-FL', 'CORE -155', '-'),
(570, 6, 1, 5, 1, 12, 'FTM-GSK-OA-01', 'PORT 12', 'ODC-GSK-FL', 'CORE -156', 'EA-01/FTB-05/33'),
(571, 6, 1, 5, 1, 13, 'FTM-GSK-OA-01', 'PORT 13', 'ODC-GSK-FL', 'CORE -157', 'EA-01/FTB-01/80'),
(572, 6, 1, 5, 1, 14, 'FTM-GSK-OA-01', 'PORT 14', 'ODC-GSK-FL', 'CORE -158', '-'),
(573, 6, 1, 5, 1, 15, 'FTM-GSK-OA-01', 'PORT 15', 'ODC-GSK-FL', 'CORE -159', '-'),
(574, 6, 1, 5, 1, 16, 'FTM-GSK-OA-01', 'PORT 16', 'ODC-GSK-FL', 'CORE -160', '-'),
(575, 6, 1, 5, 1, 17, 'FTM-GSK-OA-01', 'PORT 17', 'ODC-GSK-FL', 'CORE -161', '-'),
(576, 6, 1, 5, 1, 18, 'FTM-GSK-OA-01', 'PORT 18', 'ODC-GSK-FL', 'CORE -162', '-'),
(577, 6, 1, 5, 1, 19, 'FTM-GSK-OA-01', 'PORT 19', 'ODC-GSK-FL', 'CORE -163', '-'),
(578, 6, 1, 5, 1, 20, 'FTM-GSK-OA-01', 'PORT 20', 'ODC-GSK-FL', 'CORE -164', 'EA-01/FTB-01/91\r\nEA-01/FT'),
(579, 6, 1, 5, 1, 21, 'FTM-GSK-OA-01', 'PORT 21', 'ODC-GSK-FL', 'CORE -165', '-'),
(580, 6, 1, 5, 1, 22, 'FTM-GSK-OA-01', 'PORT 22', 'ODC-GSK-FL', 'CORE -166', 'EA-01/FTB-04/64'),
(581, 6, 1, 5, 1, 23, 'FTM-GSK-OA-01', 'PORT 23', 'ODC-GSK-FL', 'CORE -167', '-'),
(582, 6, 1, 5, 1, 24, 'FTM-GSK-OA-01', 'PORT 24', 'ODC-GSK-FL', 'CORE -168', 'EA-01/FTB-05/36'),
(583, 6, 1, 5, 2, 1, 'FTM-GSK-OA-01', 'PORT 25', 'ODC-GSK-FM', 'CORE -169', 'EA-01/FTB-01/104'),
(584, 6, 1, 5, 2, 2, 'FTM-GSK-OA-01', 'PORT 26', 'ODC-GSK-FM', 'CORE -170', 'EA-01/FTB-01/105'),
(585, 6, 1, 5, 2, 3, 'FTM-GSK-OA-01', 'PORT 27', 'ODC-GSK-FM', 'CORE -171', 'EA-01/FTB-01/106'),
(586, 6, 1, 5, 2, 4, 'FTM-GSK-OA-01', 'PORT 28', 'ODC-GSK-FM', 'CORE -172', 'EA-01/FTB-01/107'),
(587, 6, 1, 5, 2, 5, 'FTM-GSK-OA-01', 'PORT 29', 'ODC-GSK-FM', 'CORE -173', '-'),
(588, 6, 1, 5, 2, 6, 'FTM-GSK-OA-01', 'PORT 30', 'ODC-GSK-FM', 'CORE -174', 'EA-01/FTB-01/108'),
(589, 6, 1, 5, 2, 7, 'FTM-GSK-OA-01', 'PORT 31', 'ODC-GSK-FM', 'CORE -175', 'EA-01/FTB-01/109'),
(590, 6, 1, 5, 2, 8, 'FTM-GSK-OA-01', 'PORT 32', 'ODC-GSK-FM', 'CORE -176', 'EA-01/FTB-01/110'),
(591, 6, 1, 5, 2, 9, 'FTM-GSK-OA-01', 'PORT 33', 'ODC-GSK-FM', 'CORE -177', 'EA-01/FTB-01/111'),
(592, 6, 1, 5, 2, 10, 'FTM-GSK-OA-01', 'PORT 34', 'ODC-GSK-FM', 'CORE -178', 'EA-01/FTB-04/06'),
(593, 6, 1, 5, 2, 11, 'FTM-GSK-OA-01', 'PORT 35', 'ODC-GSK-FM', 'CORE -179', 'EA-01/FTB-04/07'),
(594, 6, 1, 5, 2, 12, 'FTM-GSK-OA-01', 'PORT 36', 'ODC-GSK-FM', 'CORE -180', 'EA-01/FTB-04/08'),
(595, 6, 1, 5, 2, 13, 'FTM-GSK-OA-01', 'PORT 37', 'ODC-GSK-FM', 'CORE -181', '-'),
(596, 6, 1, 5, 2, 14, 'FTM-GSK-OA-01', 'PORT 38', 'ODC-GSK-FM', 'CORE -182', 'EA-01/FTB-05/46'),
(597, 6, 1, 5, 2, 15, 'FTM-GSK-OA-01', 'PORT 39', 'ODC-GSK-FM', 'CORE -183', 'EA-01/FTB-05/63'),
(598, 6, 1, 5, 2, 16, 'FTM-GSK-OA-01', 'PORT 40', 'ODC-GSK-FM', 'CORE -184', '-'),
(599, 6, 1, 5, 2, 17, 'FTM-GSK-OA-01', 'PORT 41', 'ODC-GSK-FM', 'CORE -185', 'EA-01/FTB-06/12'),
(600, 6, 1, 5, 2, 18, 'FTM-GSK-OA-01', 'PORT 42', 'ODC-GSK-FM', 'CORE -186', '-'),
(601, 6, 1, 5, 2, 19, 'FTM-GSK-OA-01', 'PORT 43', 'ODC-GSK-FM', 'CORE -187', 'EA-01/FTB-06/39');
INSERT INTO `tb_ftm` (`id`, `id_ftm`, `id_kolom`, `id_panel`, `id_row`, `id_col`, `nm_ftm`, `port`, `odc`, `core`, `ftm`) VALUES
(602, 6, 1, 5, 2, 20, 'FTM-GSK-OA-01', 'PORT 44', 'ODC-GSK-FM', 'CORE -188', 'EA-01/FTB-06/100'),
(603, 6, 1, 5, 2, 21, 'FTM-GSK-OA-01', 'PORT 45', 'ODC-GSK-FM', 'CORE -189', 'EA-01/FTB-06/41'),
(604, 6, 1, 5, 2, 22, 'FTM-GSK-OA-01', 'PORT 46', 'ODC-GSK-FM', 'CORE -190', 'EA-01/FTB-03/29'),
(605, 6, 1, 5, 2, 23, 'FTM-GSK-OA-01', 'PORT 47', 'ODC-GSK-FM', 'CORE -191', 'EA-01/FTB-03/25'),
(606, 6, 1, 5, 2, 24, 'FTM-GSK-OA-01', 'PORT 48', 'ODC-GSK-FM', 'CORE -192', '-'),
(607, 6, 1, 5, 3, 1, 'FTM-GSK-OA-01', 'PORT 49', 'ODC-GSK-FM', 'CORE -193', '-'),
(608, 6, 1, 5, 3, 2, 'FTM-GSK-OA-01', 'PORT 50', 'ODC-GSK-FM', 'CORE -194', 'EA-01/FTB-03/31'),
(609, 6, 1, 5, 3, 3, 'FTM-GSK-OA-01', 'PORT 51', 'ODC-GSK-FM', 'CORE -195', 'EA-01/FTB-03/138'),
(610, 6, 1, 5, 3, 4, 'FTM-GSK-OA-01', 'PORT 52', 'ODC-GSK-FM', 'CORE -196', 'EA-01/FTB-03/38'),
(611, 6, 1, 5, 3, 5, 'FTM-GSK-OA-01', 'PORT 53', 'ODC-GSK-FM', 'CORE -197', 'EA-01/FTB-03/62'),
(612, 6, 1, 5, 3, 6, 'FTM-GSK-OA-01', 'PORT 54', 'ODC-GSK-FM', 'CORE -198', 'EA-01/FTB-03/42'),
(613, 6, 1, 5, 3, 7, 'FTM-GSK-OA-01', 'PORT 55', 'ODC-GSK-FM', 'CORE -199', 'EA-01/FTB-03/44'),
(614, 6, 1, 5, 3, 8, 'FTM-GSK-OA-01', 'PORT 56', 'ODC-GSK-FM', 'CORE -200', '-'),
(615, 6, 1, 5, 3, 9, 'FTM-GSK-OA-01', 'PORT 57', 'ODC-GSK-FM', 'CORE -201', 'EA-01/FTB-03/46'),
(616, 6, 1, 5, 3, 10, 'FTM-GSK-OA-01', 'PORT 58', 'ODC-GSK-FM', 'CORE -202', '-'),
(617, 6, 1, 5, 3, 11, 'FTM-GSK-OA-01', 'PORT 59', 'ODC-GSK-FM', 'CORE -203', 'EA-01/FTB-06/83'),
(618, 6, 1, 5, 3, 12, 'FTM-GSK-OA-01', 'PORT 60', 'ODC-GSK-FM', 'CORE -204', 'EA-01/FTB-05/44'),
(619, 6, 1, 5, 3, 13, 'FTM-GSK-OA-01', 'PORT 61', 'ODC-GSK-FM', 'CORE -205', '-'),
(620, 6, 1, 5, 3, 14, 'FTM-GSK-OA-01', 'PORT 62', 'ODC-GSK-FM', 'CORE -206', '-'),
(621, 6, 1, 5, 3, 15, 'FTM-GSK-OA-01', 'PORT 63', 'ODC-GSK-FM', 'CORE -207', '-'),
(622, 6, 1, 5, 3, 16, 'FTM-GSK-OA-01', 'PORT 64', 'ODC-GSK-FM', 'CORE -208', '-'),
(623, 6, 1, 5, 3, 17, 'FTM-GSK-OA-01', 'PORT 65', 'ODC-GSK-FM', 'CORE -209', '-'),
(624, 6, 1, 5, 3, 18, 'FTM-GSK-OA-01', 'PORT 66', 'ODC-GSK-FM', 'CORE -210', '-'),
(625, 6, 1, 5, 3, 19, 'FTM-GSK-OA-01', 'PORT 67', 'ODC-GSK-FM', 'CORE -211', '-'),
(626, 6, 1, 5, 3, 20, 'FTM-GSK-OA-01', 'PORT 68', 'ODC-GSK-FM', 'CORE -212', '-'),
(627, 6, 1, 5, 3, 21, 'FTM-GSK-OA-01', 'PORT 69', 'ODC-GSK-FM', 'CORE -213', '-'),
(628, 6, 1, 5, 3, 22, 'FTM-GSK-OA-01', 'PORT 70', 'ODC-GSK-FM', 'CORE -214', '-'),
(629, 6, 1, 5, 3, 23, 'FTM-GSK-OA-01', 'PORT 71', 'ODC-GSK-FM', 'CORE -215', '-'),
(630, 6, 1, 5, 3, 24, 'FTM-GSK-OA-01', 'PORT 72', 'ODC-GSK-FM', 'CORE -216', '-'),
(631, 6, 1, 5, 4, 1, 'FTM-GSK-OA-01', 'PORT 73', 'ODC-GSK-FN', 'CORE -217', 'EA-01/FTB-01/112'),
(632, 6, 1, 5, 4, 2, 'FTM-GSK-OA-01', 'PORT 74', 'ODC-GSK-FN', 'CORE -218', 'EA-01/FTB-01/113'),
(633, 6, 1, 5, 4, 3, 'FTM-GSK-OA-01', 'PORT 75', 'ODC-GSK-FN', 'CORE -219', 'EA-01/FTB-01/114'),
(634, 6, 1, 5, 4, 4, 'FTM-GSK-OA-01', 'PORT 76', 'ODC-GSK-FN', 'CORE -220', 'EA-01/FTB-01/115'),
(635, 6, 1, 5, 4, 5, 'FTM-GSK-OA-01', 'PORT 77', 'ODC-GSK-FN', 'CORE -221', 'EA-01/FTB-01/116'),
(636, 6, 1, 5, 4, 6, 'FTM-GSK-OA-01', 'PORT 78', 'ODC-GSK-FN', 'CORE -222', 'EA-01/FTB-01/117'),
(637, 6, 1, 5, 4, 7, 'FTM-GSK-OA-01', 'PORT 79', 'ODC-GSK-FN', 'CORE -223', 'EA-01/FTB-02/121'),
(638, 6, 1, 5, 4, 8, 'FTM-GSK-OA-01', 'PORT 80', 'ODC-GSK-FN', 'CORE -224', 'EA-01/FTB-02/122'),
(639, 6, 1, 5, 4, 9, 'FTM-GSK-OA-01', 'PORT 81', 'ODC-GSK-FN', 'CORE -225', 'EA-01/FTB-02/123'),
(640, 6, 1, 5, 4, 10, 'FTM-GSK-OA-01', 'PORT 82', 'ODC-GSK-FN', 'CORE -226', 'EA-01/FTB-02/124'),
(641, 6, 1, 5, 4, 11, 'FTM-GSK-OA-01', 'PORT 83', 'ODC-GSK-FN', 'CORE -227', 'EA-01/FTB-01/33'),
(642, 6, 1, 5, 4, 12, 'FTM-GSK-OA-01', 'PORT 84', 'ODC-GSK-FN', 'CORE -228', 'EA-01/FTB-01/34'),
(643, 6, 1, 5, 4, 13, 'FTM-GSK-OA-01', 'PORT 85', 'ODC-GSK-FN', 'CORE -229', 'EA-01/FTB-05/87'),
(644, 6, 1, 5, 4, 14, 'FTM-GSK-OA-01', 'PORT 86', 'ODC-GSK-FN', 'CORE -230', 'EA-01/FTB-05/85'),
(645, 6, 1, 5, 4, 15, 'FTM-GSK-OA-01', 'PORT 87', 'ODC-GSK-FN', 'CORE -231', 'EA-01/FTB-05/86'),
(646, 6, 1, 5, 4, 16, 'FTM-GSK-OA-01', 'PORT 88', 'ODC-GSK-FN', 'CORE -232', 'EA-01/FTB-04/47'),
(647, 6, 1, 5, 4, 17, 'FTM-GSK-OA-01', 'PORT 89', 'ODC-GSK-FN', 'CORE -233', 'EA-01/FTB-04/61'),
(648, 6, 1, 5, 4, 18, 'FTM-GSK-OA-01', 'PORT 90', 'ODC-GSK-FN', 'CORE -234', 'EA-01/FTB-05/49'),
(649, 6, 1, 5, 4, 19, 'FTM-GSK-OA-01', 'PORT 91', 'ODC-GSK-FN', 'CORE -235', '-'),
(650, 6, 1, 5, 4, 20, 'FTM-GSK-OA-01', 'PORT 92', 'ODC-GSK-FN', 'CORE -236', 'EA-01/FTB-05/50'),
(651, 6, 1, 5, 4, 21, 'FTM-GSK-OA-01', 'PORT 93', 'ODC-GSK-FN', 'CORE -237', 'EA-01/FTB-05/55'),
(652, 6, 1, 5, 4, 22, 'FTM-GSK-OA-01', 'PORT 94', 'ODC-GSK-FN', 'CORE -238', 'EA-01/FTB-05/110'),
(653, 6, 1, 5, 4, 23, 'FTM-GSK-OA-01', 'PORT 95', 'ODC-GSK-FN', 'CORE -239', 'EA-01/FTB-06/07'),
(654, 6, 1, 5, 4, 24, 'FTM-GSK-OA-01', 'PORT 96', 'ODC-GSK-FN', 'CORE -240', 'EA-01/FTB-06/31'),
(655, 6, 1, 5, 5, 1, 'FTM-GSK-OA-01', 'PORT 97', 'ODC-GSK-FN', 'CORE -241', 'EA-01/FTB-06/32'),
(656, 6, 1, 5, 5, 2, 'FTM-GSK-OA-01', 'PORT 98', 'ODC-GSK-FN', 'CORE -242', '-'),
(657, 6, 1, 5, 5, 3, 'FTM-GSK-OA-01', 'PORT 99', 'ODC-GSK-FN', 'CORE -243', 'EA-01/FTB-06/34'),
(658, 6, 1, 5, 5, 4, 'FTM-GSK-OA-01', 'PORT 100', 'ODC-GSK-FN', 'CORE -244', 'EA-01/FTB-06/35'),
(659, 6, 1, 5, 5, 5, 'FTM-GSK-OA-01', 'PORT 101', 'ODC-GSK-FN', 'CORE -245', 'EA-01/FTB-06/36'),
(660, 6, 1, 5, 5, 6, 'FTM-GSK-OA-01', 'PORT 102', 'ODC-GSK-FN', 'CORE -246', 'EA-01/FTB-06/37'),
(661, 6, 1, 5, 5, 7, 'FTM-GSK-OA-01', 'PORT 103', 'ODC-GSK-FN', 'CORE -247', 'EA-01/FTB-06/38'),
(662, 6, 1, 5, 5, 8, 'FTM-GSK-OA-01', 'PORT 104', 'ODC-GSK-FN', 'CORE -248', '-'),
(663, 6, 1, 5, 5, 9, 'FTM-GSK-OA-01', 'PORT 105', 'ODC-GSK-FN', 'CORE -249', 'EA-01/FTB-05/27'),
(664, 6, 1, 5, 5, 10, 'FTM-GSK-OA-01', 'PORT 106', 'ODC-GSK-FN', 'CORE -250', '-'),
(665, 6, 1, 5, 5, 11, 'FTM-GSK-OA-01', 'PORT 107', 'ODC-GSK-FN', 'CORE -251', 'EA-01/FTB-103'),
(666, 6, 1, 5, 5, 12, 'FTM-GSK-OA-01', 'PORT 108', 'ODC-GSK-FN', 'CORE -252', '-'),
(667, 6, 1, 5, 5, 13, 'FTM-GSK-OA-01', 'PORT 109', 'ODC-GSK-FN', 'CORE -253', '-'),
(668, 6, 1, 5, 5, 14, 'FTM-GSK-OA-01', 'PORT 110', 'ODC-GSK-FN', 'CORE -254', '-'),
(669, 6, 1, 5, 5, 15, 'FTM-GSK-OA-01', 'PORT 111', 'ODC-GSK-FN', 'CORE -255', '-'),
(670, 6, 1, 5, 5, 16, 'FTM-GSK-OA-01', 'PORT 112', 'ODC-GSK-FN', 'CORE -256', '-'),
(671, 6, 1, 5, 5, 17, 'FTM-GSK-OA-01', 'PORT 113', 'ODC-GSK-FN', 'CORE -257', '-'),
(672, 6, 1, 5, 5, 18, 'FTM-GSK-OA-01', 'PORT 114', 'ODC-GSK-FN', 'CORE -258', '-'),
(673, 6, 1, 5, 5, 19, 'FTM-GSK-OA-01', 'PORT 115', 'ODC-GSK-FN', 'CORE -259', '-'),
(674, 6, 1, 5, 5, 20, 'FTM-GSK-OA-01', 'PORT 116', 'ODC-GSK-FN', 'CORE -260', '-'),
(675, 6, 1, 5, 5, 21, 'FTM-GSK-OA-01', 'PORT 117', 'ODC-GSK-FN', 'CORE -261', '-'),
(676, 6, 1, 5, 5, 22, 'FTM-GSK-OA-01', 'PORT 118', 'ODC-GSK-FN', 'CORE -262', '-'),
(677, 6, 1, 5, 5, 23, 'FTM-GSK-OA-01', 'PORT 119', 'ODC-GSK-FN', 'CORE -263', '-'),
(678, 6, 1, 5, 5, 24, 'FTM-GSK-OA-01', 'PORT 120', 'ODC-GSK-FN', 'CORE -264', '-'),
(679, 6, 1, 5, 6, 1, 'FTM-GSK-OA-01', 'PORT 121', '', '', ''),
(680, 6, 1, 5, 6, 2, 'FTM-GSK-OA-01', 'PORT 122', '', '', ''),
(681, 6, 1, 5, 6, 3, 'FTM-GSK-OA-01', 'PORT 123', '', '', ''),
(682, 6, 1, 5, 6, 4, 'FTM-GSK-OA-01', 'PORT 124', '', '', ''),
(683, 6, 1, 5, 6, 5, 'FTM-GSK-OA-01', 'PORT 125', '', '', ''),
(684, 6, 1, 5, 6, 6, 'FTM-GSK-OA-01', 'PORT 126', '', '', ''),
(685, 6, 1, 5, 6, 7, 'FTM-GSK-OA-01', 'PORT 127', '', '', ''),
(686, 6, 1, 5, 6, 8, 'FTM-GSK-OA-01', 'PORT 128', '', '', ''),
(687, 6, 1, 5, 6, 9, 'FTM-GSK-OA-01', 'PORT 129', '', '', ''),
(688, 6, 1, 5, 6, 10, 'FTM-GSK-OA-01', 'PORT 130', '', '', ''),
(689, 6, 1, 5, 6, 11, 'FTM-GSK-OA-01', 'PORT 131', '', '', ''),
(690, 6, 1, 5, 6, 12, 'FTM-GSK-OA-01', 'PORT 132', '', '', ''),
(691, 6, 1, 5, 6, 13, 'FTM-GSK-OA-01', 'PORT 133', '', '', ''),
(692, 6, 1, 5, 6, 14, 'FTM-GSK-OA-01', 'PORT 134', '', '', ''),
(693, 6, 1, 5, 6, 15, 'FTM-GSK-OA-01', 'PORT 135', '', '', ''),
(694, 6, 1, 5, 6, 16, 'FTM-GSK-OA-01', 'PORT 136', '', '', ''),
(695, 6, 1, 5, 6, 17, 'FTM-GSK-OA-01', 'PORT 137', '', '', ''),
(696, 6, 1, 5, 6, 18, 'FTM-GSK-OA-01', 'PORT 138', '', '', ''),
(697, 6, 1, 5, 6, 19, 'FTM-GSK-OA-01', 'PORT 139', '', '', ''),
(698, 6, 1, 5, 6, 20, 'FTM-GSK-OA-01', 'PORT 140', '', '', ''),
(699, 6, 1, 5, 6, 21, 'FTM-GSK-OA-01', 'PORT 141', '', '', ''),
(700, 6, 1, 5, 6, 22, 'FTM-GSK-OA-01', 'PORT 142', '', '', ''),
(701, 6, 1, 5, 6, 23, 'FTM-GSK-OA-01', 'PORT 143', '', '', ''),
(702, 6, 1, 5, 6, 24, 'FTM-GSK-OA-01', 'PORT 144', '', '', ''),
(703, 6, 1, 6, 1, 1, 'FTM-GSK-OA-01', 'PORT 01', 'ODC-GSK-FAP', 'CORE - 01', 'EA-01/FTB-03/108'),
(704, 6, 1, 6, 1, 2, 'FTM-GSK-OA-01', 'PORT 02', 'ODC-GSK-FAP', 'CORE - 02', 'EA-01/FTB-03/07'),
(705, 6, 1, 6, 1, 3, 'FTM-GSK-OA-01', 'PORT 03', 'ODC-GSK-FAP', 'CORE - 03', 'EA-01/FTB-03/10'),
(706, 6, 1, 6, 1, 4, 'FTM-GSK-OA-01', 'PORT 04', 'ODC-GSK-FAP', 'CORE - 04', 'EA-01/FTB-03/20'),
(707, 6, 1, 6, 1, 5, 'FTM-GSK-OA-01', 'PORT 05', 'ODC-GSK-FAP', 'CORE - 05', 'EA-01/FTB-03/22'),
(708, 6, 1, 6, 1, 6, 'FTM-GSK-OA-01', 'PORT 06', 'ODC-GSK-FAP', 'CORE - 06', 'EA-01/FTB-03/48'),
(709, 6, 1, 6, 1, 7, 'FTM-GSK-OA-01', 'PORT 07', 'ODC-GSK-FAP', 'CORE - 07', 'EA-01/FTB-03/49'),
(710, 6, 1, 6, 1, 8, 'FTM-GSK-OA-01', 'PORT 08', 'ODC-GSK-FAP', 'CORE - 08', 'EA-01/FTB-03/50'),
(711, 6, 1, 6, 1, 9, 'FTM-GSK-OA-01', 'PORT 09', 'ODC-GSK-FAP', 'CORE - 09', 'EA-01/FTB-03/51'),
(712, 6, 1, 6, 1, 10, 'FTM-GSK-OA-01', 'PORT 10', 'ODC-GSK-FAP', 'CORE - 10', 'EA-01/FTB-03/65'),
(713, 6, 1, 6, 1, 11, 'FTM-GSK-OA-01', 'PORT 11', 'ODC-GSK-FAP', 'CORE - 11', 'EA-01/FTB-03/112'),
(714, 6, 1, 6, 1, 12, 'FTM-GSK-OA-01', 'PORT 12', 'ODC-GSK-FAP', 'CORE - 12', 'EA-01/FTB-03/68'),
(715, 6, 1, 6, 1, 13, 'FTM-GSK-OA-01', 'PORT 13', 'ODC-GSK-FAP', 'CORE - 13', 'EA-01/FTB-03/69'),
(716, 6, 1, 6, 1, 14, 'FTM-GSK-OA-01', 'PORT 14', 'ODC-GSK-FAP', 'CORE - 14', 'EA-01/FTB-03/71'),
(717, 6, 1, 6, 1, 15, 'FTM-GSK-OA-01', 'PORT 15', 'ODC-GSK-FAP', 'CORE - 15', 'EA-01/FTB-03/101'),
(718, 6, 1, 6, 1, 16, 'FTM-GSK-OA-01', 'PORT 16', 'ODC-GSK-FAP', 'CORE - 16', 'EA-02/FTB-01/74'),
(719, 6, 1, 6, 1, 17, 'FTM-GSK-OA-01', 'PORT 17', 'ODC-GSK-FAP', 'CORE - 17', 'EA-01/FTB-06/132'),
(720, 6, 1, 6, 1, 18, 'FTM-GSK-OA-01', 'PORT 18', 'ODC-GSK-FAP', 'CORE - 18', '-'),
(721, 6, 1, 6, 1, 19, 'FTM-GSK-OA-01', 'PORT 19', 'ODC-GSK-FAP', 'CORE - 19', '-'),
(722, 6, 1, 6, 1, 20, 'FTM-GSK-OA-01', 'PORT 20', 'ODC-GSK-FAP', 'CORE - 20', '-'),
(723, 6, 1, 6, 1, 21, 'FTM-GSK-OA-01', 'PORT 21', 'ODC-GSK-FAP', 'CORE - 21', '-'),
(724, 6, 1, 6, 1, 22, 'FTM-GSK-OA-01', 'PORT 22', 'ODC-GSK-FAP', 'CORE - 22', ''),
(725, 6, 1, 6, 1, 23, 'FTM-GSK-OA-01', 'PORT 23', 'ODC-GSK-FAP', 'CORE - 23', ''),
(726, 6, 1, 6, 1, 24, 'FTM-GSK-OA-01', 'PORT 24', 'ODC-GSK-FAP', 'CORE - 24', ''),
(727, 6, 1, 6, 2, 1, 'FTM-GSK-OA-01', 'PORT 25', 'ODC-GSK-FAP', 'CORE - 25', '-'),
(728, 6, 1, 6, 2, 2, 'FTM-GSK-OA-01', 'PORT 26', 'ODC-GSK-FAP', 'CORE - 26', '-'),
(729, 6, 1, 6, 2, 3, 'FTM-GSK-OA-01', 'PORT 27', 'ODC-GSK-FAP', 'CORE - 27', '-'),
(730, 6, 1, 6, 2, 4, 'FTM-GSK-OA-01', 'PORT 28', 'ODC-GSK-FAP', 'CORE - 28', '-'),
(731, 6, 1, 6, 2, 5, 'FTM-GSK-OA-01', 'PORT 29', 'ODC-GSK-FAP', 'CORE - 29', '-'),
(732, 6, 1, 6, 2, 6, 'FTM-GSK-OA-01', 'PORT 30', 'ODC-GSK-FAP', 'CORE - 30', '-'),
(733, 6, 1, 6, 2, 7, 'FTM-GSK-OA-01', 'PORT 31', 'ODC-GSK-FAP', 'CORE - 31', '-'),
(734, 6, 1, 6, 2, 8, 'FTM-GSK-OA-01', 'PORT 32', 'ODC-GSK-FAP', 'CORE - 32', '-'),
(735, 6, 1, 6, 2, 9, 'FTM-GSK-OA-01', 'PORT 33', 'ODC-GSK-FAP', 'CORE - 33', '-'),
(736, 6, 1, 6, 2, 10, 'FTM-GSK-OA-01', 'PORT 34', 'ODC-GSK-FAP', 'CORE - 34', '-'),
(737, 6, 1, 6, 2, 11, 'FTM-GSK-OA-01', 'PORT 35', 'ODC-GSK-FAP', 'CORE - 35', '-'),
(738, 6, 1, 6, 2, 12, 'FTM-GSK-OA-01', 'PORT 36', 'ODC-GSK-FAP', 'CORE - 36', '-'),
(739, 6, 1, 6, 2, 13, 'FTM-GSK-OA-01', 'PORT 37', 'ODC-GSK-FAP', 'CORE - 37', '-'),
(740, 6, 1, 6, 2, 14, 'FTM-GSK-OA-01', 'PORT 38', 'ODC-GSK-FAP', 'CORE - 38', '-'),
(741, 6, 1, 6, 2, 15, 'FTM-GSK-OA-01', 'PORT 39', 'ODC-GSK-FAP', 'CORE - 39', '-'),
(742, 6, 1, 6, 2, 16, 'FTM-GSK-OA-01', 'PORT 40', 'ODC-GSK-FAP', 'CORE - 40', '-'),
(743, 6, 1, 6, 2, 17, 'FTM-GSK-OA-01', 'PORT 41', 'ODC-GSK-FAP', 'CORE - 41', '-'),
(744, 6, 1, 6, 2, 18, 'FTM-GSK-OA-01', 'PORT 42', 'ODC-GSK-FAP', 'CORE - 42', '-'),
(745, 6, 1, 6, 2, 19, 'FTM-GSK-OA-01', 'PORT 43', 'ODC-GSK-FAP', 'CORE - 43', '-'),
(746, 6, 1, 6, 2, 20, 'FTM-GSK-OA-01', 'PORT 44', 'ODC-GSK-FAP', 'CORE - 44', '-'),
(747, 6, 1, 6, 2, 21, 'FTM-GSK-OA-01', 'PORT 45', 'ODC-GSK-FAP', 'CORE - 45', '-'),
(748, 6, 1, 6, 2, 22, 'FTM-GSK-OA-01', 'PORT 46', 'ODC-GSK-FAP', 'CORE - 46', '-'),
(749, 6, 1, 6, 2, 23, 'FTM-GSK-OA-01', 'PORT 47', 'ODC-GSK-FAP', 'CORE - 47', '-'),
(750, 6, 1, 6, 2, 24, 'FTM-GSK-OA-01', 'PORT 48', 'ODC-GSK-FAP', 'CORE - 48', '-'),
(751, 6, 1, 6, 3, 1, 'FTM-GSK-OA-01', 'PORT 49', '', '', ''),
(752, 6, 1, 6, 3, 2, 'FTM-GSK-OA-01', 'PORT 50', '', '', ''),
(753, 6, 1, 6, 3, 3, 'FTM-GSK-OA-01', 'PORT 51', '', '', ''),
(754, 6, 1, 6, 3, 4, 'FTM-GSK-OA-01', 'PORT 52', '', '', ''),
(755, 6, 1, 6, 3, 5, 'FTM-GSK-OA-01', 'PORT 53', '', '', ''),
(756, 6, 1, 6, 3, 6, 'FTM-GSK-OA-01', 'PORT 54', '', '', ''),
(757, 6, 1, 6, 3, 7, 'FTM-GSK-OA-01', 'PORT 55', '', '', ''),
(758, 6, 1, 6, 3, 8, 'FTM-GSK-OA-01', 'PORT 56', '', '', ''),
(759, 6, 1, 6, 3, 9, 'FTM-GSK-OA-01', 'PORT 57', '', '', ''),
(760, 6, 1, 6, 3, 10, 'FTM-GSK-OA-01', 'PORT 58', '', '', ''),
(761, 6, 1, 6, 3, 11, 'FTM-GSK-OA-01', 'PORT 59', '', '', ''),
(762, 6, 1, 6, 3, 12, 'FTM-GSK-OA-01', 'PORT 60', '', '', ''),
(763, 6, 1, 6, 3, 13, 'FTM-GSK-OA-01', 'PORT 61', '', '', ''),
(764, 6, 1, 6, 3, 14, 'FTM-GSK-OA-01', 'PORT 62', '', '', ''),
(765, 6, 1, 6, 3, 15, 'FTM-GSK-OA-01', 'PORT 63', '', '', ''),
(766, 6, 1, 6, 3, 16, 'FTM-GSK-OA-01', 'PORT 64', '', '', ''),
(767, 6, 1, 6, 3, 17, 'FTM-GSK-OA-01', 'PORT 65', '', '', ''),
(768, 6, 1, 6, 3, 18, 'FTM-GSK-OA-01', 'PORT 66', '', '', ''),
(769, 6, 1, 6, 3, 19, 'FTM-GSK-OA-01', 'PORT 67', '', '', ''),
(770, 6, 1, 6, 3, 20, 'FTM-GSK-OA-01', 'PORT 68', '', '', ''),
(771, 6, 1, 6, 3, 21, 'FTM-GSK-OA-01', 'PORT 69', '', '', ''),
(772, 6, 1, 6, 3, 22, 'FTM-GSK-OA-01', 'PORT 70', '', '', ''),
(773, 6, 1, 6, 3, 23, 'FTM-GSK-OA-01', 'PORT 71', '', '', ''),
(774, 6, 1, 6, 3, 24, 'FTM-GSK-OA-01', 'PORT 72', '', '', ''),
(775, 6, 1, 6, 4, 1, 'FTM-GSK-OA-01', 'PORT 73', '', '', ''),
(776, 6, 1, 6, 4, 2, 'FTM-GSK-OA-01', 'PORT 74', '', '', ''),
(777, 6, 1, 6, 4, 3, 'FTM-GSK-OA-01', 'PORT 75', '', '', ''),
(778, 6, 1, 6, 4, 4, 'FTM-GSK-OA-01', 'PORT 76', '', '', ''),
(779, 6, 1, 6, 4, 5, 'FTM-GSK-OA-01', 'PORT 77', '', '', ''),
(780, 6, 1, 6, 4, 6, 'FTM-GSK-OA-01', 'PORT 78', '', '', ''),
(781, 6, 1, 6, 4, 7, 'FTM-GSK-OA-01', 'PORT 79', '', '', ''),
(782, 6, 1, 6, 4, 8, 'FTM-GSK-OA-01', 'PORT 80', '', '', ''),
(783, 6, 1, 6, 4, 9, 'FTM-GSK-OA-01', 'PORT 81', '', '', ''),
(784, 6, 1, 6, 4, 10, 'FTM-GSK-OA-01', 'PORT 82', '', '', ''),
(785, 6, 1, 6, 4, 11, 'FTM-GSK-OA-01', 'PORT 83', '', '', ''),
(786, 6, 1, 6, 4, 12, 'FTM-GSK-OA-01', 'PORT 84', '', '', ''),
(787, 6, 1, 6, 4, 13, 'FTM-GSK-OA-01', 'PORT 85', '', '', ''),
(788, 6, 1, 6, 4, 14, 'FTM-GSK-OA-01', 'PORT 86', '', '', ''),
(789, 6, 1, 6, 4, 15, 'FTM-GSK-OA-01', 'PORT 87', '', '', ''),
(790, 6, 1, 6, 4, 16, 'FTM-GSK-OA-01', 'PORT 88', '', '', ''),
(791, 6, 1, 6, 4, 17, 'FTM-GSK-OA-01', 'PORT 89', '', '', ''),
(792, 6, 1, 6, 4, 18, 'FTM-GSK-OA-01', 'PORT 90', '', '', ''),
(793, 6, 1, 6, 4, 19, 'FTM-GSK-OA-01', 'PORT 91', '', '', ''),
(794, 6, 1, 6, 4, 20, 'FTM-GSK-OA-01', 'PORT 92', '', '', ''),
(795, 6, 1, 6, 4, 21, 'FTM-GSK-OA-01', 'PORT 93', '', '', ''),
(796, 6, 1, 6, 4, 22, 'FTM-GSK-OA-01', 'PORT 94', '', '', ''),
(797, 6, 1, 6, 4, 23, 'FTM-GSK-OA-01', 'PORT 95', '', '', ''),
(798, 6, 1, 6, 4, 24, 'FTM-GSK-OA-01', 'PORT 96', '', '', ''),
(799, 6, 1, 6, 5, 1, 'FTM-GSK-OA-01', 'PORT 97', '', '', ''),
(800, 6, 1, 6, 5, 2, 'FTM-GSK-OA-01', 'PORT 98', '', '', ''),
(801, 6, 1, 6, 5, 3, 'FTM-GSK-OA-01', 'PORT 99', '', '', ''),
(802, 6, 1, 6, 5, 4, 'FTM-GSK-OA-01', 'PORT 100', '', '', ''),
(803, 6, 1, 6, 5, 5, 'FTM-GSK-OA-01', 'PORT 101', '', '', ''),
(804, 6, 1, 6, 5, 6, 'FTM-GSK-OA-01', 'PORT 102', '', '', ''),
(805, 6, 1, 6, 5, 7, 'FTM-GSK-OA-01', 'PORT 103', '', '', ''),
(806, 6, 1, 6, 5, 8, 'FTM-GSK-OA-01', 'PORT 104', '', '', ''),
(807, 6, 1, 6, 5, 9, 'FTM-GSK-OA-01', 'PORT 105', '', '', ''),
(808, 6, 1, 6, 5, 10, 'FTM-GSK-OA-01', 'PORT 106', '', '', ''),
(809, 6, 1, 6, 5, 11, 'FTM-GSK-OA-01', 'PORT 107', '', '', ''),
(810, 6, 1, 6, 5, 12, 'FTM-GSK-OA-01', 'PORT 108', '', '', ''),
(811, 6, 1, 6, 5, 13, 'FTM-GSK-OA-01', 'PORT 109', '', '', ''),
(812, 6, 1, 6, 5, 14, 'FTM-GSK-OA-01', 'PORT 110', '', '', ''),
(813, 6, 1, 6, 5, 15, 'FTM-GSK-OA-01', 'PORT 111', '', '', ''),
(814, 6, 1, 6, 5, 16, 'FTM-GSK-OA-01', 'PORT 112', '', '', ''),
(815, 6, 1, 6, 5, 17, 'FTM-GSK-OA-01', 'PORT 113', '', '', ''),
(816, 6, 1, 6, 5, 18, 'FTM-GSK-OA-01', 'PORT 114', '', '', ''),
(817, 6, 1, 6, 5, 19, 'FTM-GSK-OA-01', 'PORT 115', '', '', ''),
(818, 6, 1, 6, 5, 20, 'FTM-GSK-OA-01', 'PORT 116', '', '', ''),
(819, 6, 1, 6, 5, 21, 'FTM-GSK-OA-01', 'PORT 117', '', '', ''),
(820, 6, 1, 6, 5, 22, 'FTM-GSK-OA-01', 'PORT 118', '', '', ''),
(821, 6, 1, 6, 5, 23, 'FTM-GSK-OA-01', 'PORT 119', '', '', ''),
(822, 6, 1, 6, 5, 24, 'FTM-GSK-OA-01', 'PORT 120', '', '', ''),
(823, 6, 1, 6, 6, 1, 'FTM-GSK-OA-01', 'PORT 121', '', '', ''),
(824, 6, 1, 6, 6, 2, 'FTM-GSK-OA-01', 'PORT 122', '', '', ''),
(825, 6, 1, 6, 6, 3, 'FTM-GSK-OA-01', 'PORT 123', '', '', ''),
(826, 6, 1, 6, 6, 4, 'FTM-GSK-OA-01', 'PORT 124', '', '', ''),
(827, 6, 1, 6, 6, 5, 'FTM-GSK-OA-01', 'PORT 125', '', '', ''),
(828, 6, 1, 6, 6, 6, 'FTM-GSK-OA-01', 'PORT 126', '', '', ''),
(829, 6, 1, 6, 6, 7, 'FTM-GSK-OA-01', 'PORT 127', '', '', ''),
(830, 6, 1, 6, 6, 8, 'FTM-GSK-OA-01', 'PORT 128', '', '', ''),
(831, 6, 1, 6, 6, 9, 'FTM-GSK-OA-01', 'PORT 129', '', '', ''),
(832, 6, 1, 6, 6, 10, 'FTM-GSK-OA-01', 'PORT 130', '', '', ''),
(833, 6, 1, 6, 6, 11, 'FTM-GSK-OA-01', 'PORT 131', '', '', ''),
(834, 6, 1, 6, 6, 12, 'FTM-GSK-OA-01', 'PORT 132', '', '', ''),
(835, 6, 1, 6, 6, 13, 'FTM-GSK-OA-01', 'PORT 133', '', '', ''),
(836, 6, 1, 6, 6, 14, 'FTM-GSK-OA-01', 'PORT 134', '', '', ''),
(837, 6, 1, 6, 6, 15, 'FTM-GSK-OA-01', 'PORT 135', '', '', ''),
(838, 6, 1, 6, 6, 16, 'FTM-GSK-OA-01', 'PORT 136', '', '', ''),
(839, 6, 1, 6, 6, 17, 'FTM-GSK-OA-01', 'PORT 137', '', '', ''),
(840, 6, 1, 6, 6, 18, 'FTM-GSK-OA-01', 'PORT 138', '', '', ''),
(841, 6, 1, 6, 6, 19, 'FTM-GSK-OA-01', 'PORT 139', '', '', ''),
(842, 6, 1, 6, 6, 20, 'FTM-GSK-OA-01', 'PORT 140', '', '', ''),
(843, 6, 1, 6, 6, 21, 'FTM-GSK-OA-01', 'PORT 141', '', '', ''),
(844, 6, 1, 6, 6, 22, 'FTM-GSK-OA-01', 'PORT 142', '', '', ''),
(845, 6, 1, 6, 6, 23, 'FTM-GSK-OA-01', 'PORT 143', '', '', ''),
(846, 6, 1, 6, 6, 24, 'FTM-GSK-OA-01', 'PORT 144', '', '', ''),
(847, 6, 1, 7, 1, 1, 'FTM-GSK-OA-01', 'PORT 01', 'ODC-GSK-FAJ', 'CORE - 01', 'EA-01/FTB-06/92'),
(848, 6, 1, 7, 1, 2, 'FTM-GSK-OA-01', 'PORT 02', 'ODC-GSK-FAJ', 'CORE - 02', '-'),
(849, 6, 1, 7, 1, 3, 'FTM-GSK-OA-01', 'PORT 03', 'ODC-GSK-FAJ', 'CORE - 03', '-'),
(850, 6, 1, 7, 1, 4, 'FTM-GSK-OA-01', 'PORT 04', 'ODC-GSK-FAJ', 'CORE - 04', 'EA-01/FTB-05/25'),
(851, 6, 1, 7, 1, 5, 'FTM-GSK-OA-01', 'PORT 05', 'ODC-GSK-FAJ', 'CORE - 05', 'EA-01/FTB-05/108'),
(852, 6, 1, 7, 1, 6, 'FTM-GSK-OA-01', 'PORT 06', 'ODC-GSK-FAJ', 'CORE - 06', '-'),
(853, 6, 1, 7, 1, 7, 'FTM-GSK-OA-01', 'PORT 07', 'ODC-GSK-FAJ', 'CORE - 07', 'EA-01/FTB-05/99'),
(854, 6, 1, 7, 1, 8, 'FTM-GSK-OA-01', 'PORT 08', 'ODC-GSK-FAJ', 'CORE - 08', 'EA-01/FTB-05/100'),
(855, 6, 1, 7, 1, 9, 'FTM-GSK-OA-01', 'PORT 09', 'ODC-GSK-FAJ', 'CORE - 09', '-'),
(856, 6, 1, 7, 1, 10, 'FTM-GSK-OA-01', 'PORT 10', 'ODC-GSK-FAJ', 'CORE - 10', 'EA-01/FTB-06/09'),
(857, 6, 1, 7, 1, 11, 'FTM-GSK-OA-01', 'PORT 11', 'ODC-GSK-FAJ', 'CORE - 11', '-'),
(858, 6, 1, 7, 1, 12, 'FTM-GSK-OA-01', 'PORT 12', 'ODC-GSK-FAJ', 'CORE - 12', 'EA-01/FTB-06/11'),
(859, 6, 1, 7, 1, 13, 'FTM-GSK-OA-01', 'PORT 13', 'ODC-GSK-FAJ', 'CORE - 13', 'EA-01/FTB-06/62'),
(860, 6, 1, 7, 1, 14, 'FTM-GSK-OA-01', 'PORT 14', 'ODC-GSK-FAJ', 'CORE - 14', 'EA-01/FTB-05/84'),
(861, 6, 1, 7, 1, 15, 'FTM-GSK-OA-01', 'PORT 15', 'ODC-GSK-FAJ', 'CORE - 15', 'EA-01/FTB-03/24'),
(862, 6, 1, 7, 1, 16, 'FTM-GSK-OA-01', 'PORT 16', 'ODC-GSK-FAJ', 'CORE - 16', 'EA-01/FTB-03/85'),
(863, 6, 1, 7, 1, 17, 'FTM-GSK-OA-01', 'PORT 17', 'ODC-GSK-FAJ', 'CORE - 17', 'EA-01/FTB-05/101'),
(864, 6, 1, 7, 1, 18, 'FTM-GSK-OA-01', 'PORT 18', 'ODC-GSK-FAJ', 'CORE - 18', 'EA-01/FTB-06/10'),
(865, 6, 1, 7, 1, 19, 'FTM-GSK-OA-01', 'PORT 19', 'ODC-GSK-FAJ', 'CORE - 19', '-'),
(866, 6, 1, 7, 1, 20, 'FTM-GSK-OA-01', 'PORT 20', 'ODC-GSK-FAJ', 'CORE - 20', '-'),
(867, 6, 1, 7, 1, 21, 'FTM-GSK-OA-01', 'PORT 21', 'ODC-GSK-FAJ', 'CORE - 21', 'EA-01/FTB-03/114'),
(868, 6, 1, 7, 1, 22, 'FTM-GSK-OA-01', 'PORT 22', 'ODC-GSK-FAJ', 'CORE - 22', 'EA-01/FTB-05/72'),
(869, 6, 1, 7, 1, 23, 'FTM-GSK-OA-01', 'PORT 23', 'ODC-GSK-FAJ', 'CORE - 23', 'EA-01/FTB-05/98'),
(870, 6, 1, 7, 1, 24, 'FTM-GSK-OA-01', 'PORT 24', 'ODC-GSK-FAJ', 'CORE - 24', 'EA-01/FTB-06/85'),
(871, 6, 1, 7, 2, 1, 'FTM-GSK-OA-01', 'PORT 25', 'ODC-GSK-FAG', 'CORE - 25', 'EA-01/FTB-05/109'),
(872, 6, 1, 7, 2, 2, 'FTM-GSK-OA-01', 'PORT 26', 'ODC-GSK-FAG', 'CORE - 26', 'EA-01/FTB-03/09'),
(873, 6, 1, 7, 2, 3, 'FTM-GSK-OA-01', 'PORT 27', 'ODC-GSK-FAG', 'CORE - 27', 'EA-01/FTB-05/113'),
(874, 6, 1, 7, 2, 4, 'FTM-GSK-OA-01', 'PORT 28', 'ODC-GSK-FAG', 'CORE - 28', '-'),
(875, 6, 1, 7, 2, 5, 'FTM-GSK-OA-01', 'PORT 29', 'ODC-GSK-FAG', 'CORE - 29', 'EA-01/FTB-06/17'),
(876, 6, 1, 7, 2, 6, 'FTM-GSK-OA-01', 'PORT 30', 'ODC-GSK-FAG', 'CORE - 30', 'EA-01/FTB-06/101'),
(877, 6, 1, 7, 2, 7, 'FTM-GSK-OA-01', 'PORT 31', 'ODC-GSK-FAG', 'CORE - 31', 'EA-01/FTB-06/102'),
(878, 6, 1, 7, 2, 8, 'FTM-GSK-OA-01', 'PORT 32', 'ODC-GSK-FAG', 'CORE - 32', 'EA-01/FTB-06/104'),
(879, 6, 1, 7, 2, 9, 'FTM-GSK-OA-01', 'PORT 33', 'ODC-GSK-FAG', 'CORE - 33', 'EA-01/FTB-06/112'),
(880, 6, 1, 7, 2, 10, 'FTM-GSK-OA-01', 'PORT 34', 'ODC-GSK-FAG', 'CORE - 34', '-'),
(881, 6, 1, 7, 2, 11, 'FTM-GSK-OA-01', 'PORT 35', 'ODC-GSK-FAG', 'CORE - 35', '-'),
(882, 6, 1, 7, 2, 12, 'FTM-GSK-OA-01', 'PORT 36', 'ODC-GSK-FAG', 'CORE - 36', 'EA-01/FTB-06/121'),
(883, 6, 1, 7, 2, 13, 'FTM-GSK-OA-01', '', '', '', ''),
(884, 6, 1, 7, 2, 14, 'FTM-GSK-OA-01', '', '', '', ''),
(885, 6, 1, 7, 2, 15, 'FTM-GSK-OA-01', '', '', '', ''),
(886, 6, 1, 7, 2, 16, 'FTM-GSK-OA-01', '', '', '', ''),
(887, 6, 1, 7, 2, 17, 'FTM-GSK-OA-01', '', '', '', ''),
(888, 6, 1, 7, 2, 18, 'FTM-GSK-OA-01', '', '', '', ''),
(889, 6, 1, 7, 2, 19, 'FTM-GSK-OA-01', '', '', '', ''),
(890, 6, 1, 7, 2, 20, 'FTM-GSK-OA-01', '', '', '', ''),
(891, 6, 1, 7, 2, 21, 'FTM-GSK-OA-01', '', '', '', ''),
(892, 6, 1, 7, 2, 22, 'FTM-GSK-OA-01', '', '', '', ''),
(893, 6, 1, 7, 2, 23, 'FTM-GSK-OA-01', '', '', '', ''),
(894, 6, 1, 7, 2, 24, 'FTM-GSK-OA-01', '', '', '', ''),
(895, 6, 1, 7, 3, 1, 'FTM-GSK-OA-01', 'PORT 49', 'ODC-GSK-FAF', 'CORE - 49', 'EA-01/FTB-05/57'),
(896, 6, 1, 7, 3, 2, 'FTM-GSK-OA-01', 'PORT 50', 'ODC-GSK-FAF', 'CORE - 50', 'EA-01/FTB-05/58'),
(897, 6, 1, 7, 3, 3, 'FTM-GSK-OA-01', 'PORT 51', 'ODC-GSK-FAF', 'CORE - 51', 'EA-01/FTB-05/59'),
(898, 6, 1, 7, 3, 4, 'FTM-GSK-OA-01', 'PORT 52', 'ODC-GSK-FAF', 'CORE - 52', 'EA-01/FTB-05/60'),
(899, 6, 1, 7, 3, 5, 'FTM-GSK-OA-01', 'PORT 53', 'ODC-GSK-FAF', 'CORE - 53', 'EA-01/FTB-05/62'),
(900, 6, 1, 7, 3, 6, 'FTM-GSK-OA-01', 'PORT 54', 'ODC-GSK-FAF', 'CORE - 54', 'EA-01/FTB-05/141'),
(901, 6, 1, 7, 3, 7, 'FTM-GSK-OA-01', 'PORT 55', 'ODC-GSK-FAF', 'CORE - 55', 'EA-01/FTB-06/42'),
(902, 6, 1, 7, 3, 8, 'FTM-GSK-OA-01', 'PORT 56', 'ODC-GSK-FAF', 'CORE - 56', 'EA-01/FTB-06/52'),
(903, 6, 1, 7, 3, 9, 'FTM-GSK-OA-01', 'PORT 57', 'ODC-GSK-FAF', 'CORE - 57', 'EA-01/FTB-04/04'),
(904, 6, 1, 7, 3, 10, 'FTM-GSK-OA-01', 'PORT 58', 'ODC-GSK-FAF', 'CORE - 58', 'EA-01/FTB-03/03'),
(905, 6, 1, 7, 3, 11, 'FTM-GSK-OA-01', 'PORT 59', 'ODC-GSK-FAF', 'CORE - 59', 'EA-01/FTB-03/05'),
(906, 6, 1, 7, 3, 12, 'FTM-GSK-OA-01', 'PORT 60', 'ODC-GSK-FAF', 'CORE - 60', 'EA-01/FTB-06/113'),
(907, 6, 1, 7, 3, 13, 'FTM-GSK-OA-01', 'PORT 61', 'ODC-GSK-FAF', 'CORE - 61', 'EA-01/FTB-06/114'),
(908, 6, 1, 7, 3, 14, 'FTM-GSK-OA-01', 'PORT 62', 'ODC-GSK-FAF', 'CORE - 62', 'EA-01/FTB-06/113'),
(909, 6, 1, 7, 3, 15, 'FTM-GSK-OA-01', 'PORT 63', 'ODC-GSK-FAF', 'CORE - 63', '-'),
(910, 6, 1, 7, 3, 16, 'FTM-GSK-OA-01', 'PORT 64', 'ODC-GSK-FAF', 'CORE - 64', '-'),
(911, 6, 1, 7, 3, 17, 'FTM-GSK-OA-01', 'PORT 65', 'ODC-GSK-FAF', 'CORE - 65', '-'),
(912, 6, 1, 7, 3, 18, 'FTM-GSK-OA-01', 'PORT 66', 'ODC-GSK-FAF', 'CORE - 66', '-'),
(913, 6, 1, 7, 3, 19, 'FTM-GSK-OA-01', 'PORT 67', 'ODC-GSK-FAF', 'CORE - 67', '-'),
(914, 6, 1, 7, 3, 20, 'FTM-GSK-OA-01', 'PORT 68', 'ODC-GSK-FAF', 'CORE - 68', '-'),
(915, 6, 1, 7, 3, 21, 'FTM-GSK-OA-01', 'PORT 69', 'ODC-GSK-FAF', 'CORE - 69', '-'),
(916, 6, 1, 7, 3, 22, 'FTM-GSK-OA-01', 'PORT 70', 'ODC-GSK-FAF', 'CORE - 70', '-'),
(917, 6, 1, 7, 3, 23, 'FTM-GSK-OA-01', 'PORT 71', 'ODC-GSK-FAF', 'CORE - 71', '-'),
(918, 6, 1, 7, 3, 24, 'FTM-GSK-OA-01', 'PORT 72', 'ODC-GSK-FAF', 'CORE - 72', '-'),
(919, 6, 1, 7, 4, 1, 'FTM-GSK-OA-01', 'PORT 73', 'ODC-GSK-FFA', 'CORE - 73', 'EA-01/FTB-06/43'),
(920, 6, 1, 7, 4, 2, 'FTM-GSK-OA-01', 'PORT 74', 'ODC-GSK-FFA', 'CORE - 74', 'EA-01/FTB-06/44'),
(921, 6, 1, 7, 4, 3, 'FTM-GSK-OA-01', 'PORT 75', 'ODC-GSK-FFA', 'CORE - 75', '-'),
(922, 6, 1, 7, 4, 4, 'FTM-GSK-OA-01', 'PORT 76', 'ODC-GSK-FFA', 'CORE - 76', 'EA-01/FTB-06/46'),
(923, 6, 1, 7, 4, 5, 'FTM-GSK-OA-01', 'PORT 77', 'ODC-GSK-FFA', 'CORE - 77', 'EA-01/FTB-06/47'),
(924, 6, 1, 7, 4, 6, 'FTM-GSK-OA-01', 'PORT 78', 'ODC-GSK-FFA', 'CORE - 78', 'EA-01/FTB-06/48'),
(925, 6, 1, 7, 4, 7, 'FTM-GSK-OA-01', 'PORT 79', 'ODC-GSK-FFA', 'CORE - 79', 'EA-01/FTB-06/49'),
(926, 6, 1, 7, 4, 8, 'FTM-GSK-OA-01', 'PORT 80', 'ODC-GSK-FFA', 'CORE - 80', 'EA-01/FTB-06/50'),
(927, 6, 1, 7, 4, 9, 'FTM-GSK-OA-01', 'PORT 81', 'ODC-GSK-FFA', 'CORE - 81', 'EA-01/FTB-06/51'),
(928, 6, 1, 7, 4, 10, 'FTM-GSK-OA-01', 'PORT 82', 'ODC-GSK-FFA', 'CORE - 82', 'EA-01/FTB-06/111'),
(929, 6, 1, 7, 4, 11, 'FTM-GSK-OA-01', 'PORT 83', 'ODC-GSK-FFA', 'CORE - 83', 'EA-01/FTB-06/45'),
(930, 6, 1, 7, 4, 12, 'FTM-GSK-OA-01', 'PORT 84', 'ODC-GSK-FFA', 'CORE - 84', '-'),
(931, 6, 1, 7, 4, 13, 'FTM-GSK-OA-01', 'PORT 85', 'ODC-GSK-FFA', 'CORE - 85', '-'),
(932, 6, 1, 7, 4, 14, 'FTM-GSK-OA-01', 'PORT 86', 'ODC-GSK-FFA', 'CORE - 86', '-'),
(933, 6, 1, 7, 4, 15, 'FTM-GSK-OA-01', 'PORT 87', 'ODC-GSK-FFA', 'CORE - 87', '-'),
(934, 6, 1, 7, 4, 16, 'FTM-GSK-OA-01', 'PORT 88', 'ODC-GSK-FFA', 'CORE - 88', 'EA-02/FTB-01/51'),
(935, 6, 1, 7, 4, 17, 'FTM-GSK-OA-01', 'PORT 89', 'ODC-GSK-FFA', 'CORE - 89', '-'),
(936, 6, 1, 7, 4, 18, 'FTM-GSK-OA-01', 'PORT 90', 'ODC-GSK-FFA', 'CORE - 90', '-'),
(937, 6, 1, 7, 4, 19, 'FTM-GSK-OA-01', 'PORT 91', 'ODC-GSK-FFA', 'CORE - 91', '-'),
(938, 6, 1, 7, 4, 20, 'FTM-GSK-OA-01', 'PORT 92', 'ODC-GSK-FFA', 'CORE - 92', '-'),
(939, 6, 1, 7, 4, 21, 'FTM-GSK-OA-01', 'PORT 93', 'ODC-GSK-FFA', 'CORE - 93', '-'),
(940, 6, 1, 7, 4, 22, 'FTM-GSK-OA-01', 'PORT 94', 'ODC-GSK-FFA', 'CORE - 94', '-'),
(941, 6, 1, 7, 4, 23, 'FTM-GSK-OA-01', 'PORT 95', 'ODC-GSK-FFA', 'CORE - 95', '-'),
(942, 6, 1, 7, 4, 24, 'FTM-GSK-OA-01', 'PORT 96', 'ODC-GSK-FFA', 'CORE - 96', '-'),
(943, 26, 1, 4, 3, 1, 'FTM-GSK-OA-02', 'PORT 49', 'ODC-GSK-FP', 'CORE - 49', 'EA-01/FTB-01/97'),
(944, 26, 1, 4, 3, 2, 'FTM-GSK-OA-02', 'PORT 50', 'ODC-GSK-FP', 'CORE - 50', 'EA-01/FTB-01/134'),
(945, 26, 1, 4, 3, 3, 'FTM-GSK-OA-02', 'PORT 51', 'ODC-GSK-FP', 'CORE - 51', 'EA-01/FTB-01/135'),
(946, 26, 1, 4, 3, 4, 'FTM-GSK-OA-02', 'PORT 52', 'ODC-GSK-FP', 'CORE - 52', 'EA-01/FTB-01/133'),
(947, 26, 1, 4, 3, 5, 'FTM-GSK-OA-02', 'PORT 53', 'ODC-GSK-FP', 'CORE - 53', 'EA-01/FTB-01/136'),
(948, 26, 1, 4, 3, 6, 'FTM-GSK-OA-02', 'PORT 54', 'ODC-GSK-FP', 'CORE - 54', 'EA-01/FTB-02/40 EA-01/FTB'),
(949, 26, 1, 4, 3, 7, 'FTM-GSK-OA-02', 'PORT 55', 'ODC-GSK-FP', 'CORE - 55', '-'),
(950, 26, 1, 4, 3, 8, 'FTM-GSK-OA-02', 'PORT 56', 'ODC-GSK-FP', 'CORE - 56', 'EA-01/FTB-01/140'),
(951, 26, 1, 4, 3, 9, 'FTM-GSK-OA-02', 'PORT 57', 'ODC-GSK-FP', 'CORE - 57', 'EA-01/FTB-01/141'),
(952, 26, 1, 4, 3, 10, 'FTM-GSK-OA-02', 'PORT 58', 'ODC-GSK-FP', 'CORE - 58', 'EA-01/FTB-01/142'),
(953, 26, 1, 4, 3, 11, 'FTM-GSK-OA-02', 'PORT 59', 'ODC-GSK-FP', 'CORE - 59', 'EA-01/FTB-01/143'),
(954, 26, 1, 4, 3, 12, 'FTM-GSK-OA-02', 'PORT 60', 'ODC-GSK-FP', 'CORE - 60', 'EA-01/FTB-05/118'),
(955, 26, 1, 4, 3, 13, 'FTM-GSK-OA-02', 'PORT 61', '', '', ''),
(956, 26, 1, 4, 3, 14, 'FTM-GSK-OA-02', 'PORT 62', '', '', ''),
(957, 26, 1, 4, 3, 15, 'FTM-GSK-OA-02', 'PORT 63', '', '', ''),
(958, 26, 1, 4, 3, 16, 'FTM-GSK-OA-02', 'PORT 64', '', '', ''),
(959, 26, 1, 4, 3, 17, 'FTM-GSK-OA-02', 'PORT 65', '', '', ''),
(960, 26, 1, 4, 3, 18, 'FTM-GSK-OA-02', 'PORT 66', '', '', ''),
(961, 26, 1, 4, 3, 19, 'FTM-GSK-OA-02', 'PORT 67', '', '', ''),
(962, 26, 1, 4, 3, 20, 'FTM-GSK-OA-02', 'PORT 68', '', '', ''),
(963, 26, 1, 4, 3, 21, 'FTM-GSK-OA-02', 'PORT 69', '', '', ''),
(964, 26, 1, 4, 3, 22, 'FTM-GSK-OA-02', 'PORT 70', '', '', ''),
(965, 26, 1, 4, 3, 23, 'FTM-GSK-OA-02', 'PORT 71', '', '', ''),
(966, 26, 1, 4, 3, 24, 'FTM-GSK-OA-02', 'PORT 72', '', '', ''),
(971, 26, 2, 3, 1, 1, 'FTM-GSK-OA-02', 'PORT 01', 'ODC-GSK-FAM', 'CORE - 01', 'EA-01/FTB-05/38'),
(972, 26, 2, 3, 1, 2, 'FTM-GSK-OA-02', 'PORT 02', 'ODC-GSK-FAM', 'CORE - 02', 'EA-02/FTB-01/26'),
(973, 26, 2, 3, 1, 3, 'FTM-GSK-OA-02', 'PORT 03', 'ODC-GSK-FAM', 'CORE - 03', '-'),
(974, 26, 2, 3, 1, 4, 'FTM-GSK-OA-02', 'PORT 04', 'ODC-GSK-FAM', 'CORE - 04', 'EA-01/FTB-05/138'),
(975, 26, 2, 3, 1, 5, 'FTM-GSK-OA-02', 'PORT 05', 'ODC-GSK-FAM', 'CORE - 05', 'EA-02/FTB-01/50'),
(976, 26, 2, 3, 1, 6, 'FTM-GSK-OA-02', 'PORT 06', 'ODC-GSK-FAM', 'CORE - 06', '-'),
(977, 26, 2, 3, 1, 7, 'FTM-GSK-OA-02', 'PORT 07', 'ODC-GSK-FAM', 'CORE - 07', '-'),
(978, 26, 2, 3, 1, 8, 'FTM-GSK-OA-02', 'PORT 08', 'ODC-GSK-FAM', 'CORE - 08', '-'),
(979, 26, 2, 3, 1, 9, 'FTM-GSK-OA-02', 'PORT 09', 'ODC-GSK-FAM', 'CORE - 09', '-'),
(980, 26, 2, 3, 1, 10, 'FTM-GSK-OA-02', 'PORT 10', 'ODC-GSK-FAM', 'CORE - 10', '-'),
(981, 26, 2, 3, 1, 11, 'FTM-GSK-OA-02', 'PORT 11', 'ODC-GSK-FAM', 'CORE - 11', '-'),
(982, 26, 2, 3, 1, 12, 'FTM-GSK-OA-02', 'PORT 12', 'ODC-GSK-FAM', 'CORE - 12', '-'),
(983, 26, 2, 3, 2, 1, 'FTM-GSK-OA-02', 'PORT 13', 'ODC-GSK-FAM', 'CORE - 13', '-'),
(984, 26, 2, 3, 2, 2, 'FTM-GSK-OA-02', 'PORT 14', 'ODC-GSK-FAM', 'CORE - 14', '-'),
(985, 26, 2, 3, 2, 3, 'FTM-GSK-OA-02', 'PORT 15', 'ODC-GSK-FAM', 'CORE - 15', '-'),
(986, 26, 2, 3, 2, 4, 'FTM-GSK-OA-02', 'PORT 16', 'ODC-GSK-FAM', 'CORE - 16', '-'),
(987, 26, 2, 3, 2, 5, 'FTM-GSK-OA-02', 'PORT 17', 'ODC-GSK-FAM', 'CORE - 17', '-'),
(988, 26, 2, 3, 2, 6, 'FTM-GSK-OA-02', 'PORT 18', 'ODC-GSK-FAM', 'CORE - 18', '-'),
(989, 26, 2, 3, 2, 7, 'FTM-GSK-OA-02', 'PORT 19', 'ODC-GSK-FAM', 'CORE - 19', '-'),
(990, 26, 2, 3, 2, 8, 'FTM-GSK-OA-02', 'PORT 20', 'ODC-GSK-FAM', 'CORE - 20', '-'),
(991, 26, 2, 3, 2, 9, 'FTM-GSK-OA-02', 'PORT 21', 'ODC-GSK-FAM', 'CORE - 21', '-'),
(992, 26, 2, 3, 2, 10, 'FTM-GSK-OA-02', 'PORT 22', 'ODC-GSK-FAM', 'CORE - 22', '-'),
(993, 26, 2, 3, 2, 11, 'FTM-GSK-OA-02', 'PORT 23', 'ODC-GSK-FAM', 'CORE - 23', '-'),
(994, 26, 2, 3, 2, 12, 'FTM-GSK-OA-02', 'PORT 24', 'ODC-GSK-FAM', 'CORE - 24', '-'),
(995, 26, 2, 3, 3, 1, 'FTM-GSK-OA-02', 'PORT 25', '', '', ''),
(996, 26, 2, 3, 3, 2, 'FTM-GSK-OA-02', 'PORT 26', '', '', ''),
(997, 26, 2, 3, 3, 3, 'FTM-GSK-OA-02', 'PORT 27', '', '', ''),
(998, 26, 2, 3, 3, 4, 'FTM-GSK-OA-02', 'PORT 28', '', '', ''),
(999, 26, 2, 3, 3, 5, 'FTM-GSK-OA-02', 'PORT 29', '', '', ''),
(1000, 26, 2, 3, 3, 6, 'FTM-GSK-OA-02', 'PORT 30', '', '', ''),
(1001, 26, 2, 3, 3, 7, 'FTM-GSK-OA-02', 'PORT 31', '', '', ''),
(1002, 26, 2, 3, 3, 8, 'FTM-GSK-OA-02', 'PORT 32', '', '', ''),
(1003, 26, 2, 3, 3, 9, 'FTM-GSK-OA-02', 'PORT 33', '', '', ''),
(1004, 26, 2, 3, 3, 10, 'FTM-GSK-OA-02', 'PORT 34', '', '', ''),
(1005, 26, 2, 3, 3, 11, 'FTM-GSK-OA-02', 'PORT 35', '', '', ''),
(1006, 26, 2, 3, 3, 12, 'FTM-GSK-OA-02', 'PORT 36', '', '', ''),
(1007, 26, 2, 3, 4, 1, 'FTM-GSK-OA-02', 'PORT 37', '', '', ''),
(1008, 26, 2, 3, 4, 2, 'FTM-GSK-OA-02', 'PORT 38', '', '', ''),
(1009, 26, 2, 3, 4, 3, 'FTM-GSK-OA-02', 'PORT 39', '', '', ''),
(1010, 26, 2, 3, 4, 4, 'FTM-GSK-OA-02', 'PORT 40', '', '', ''),
(1011, 26, 2, 3, 4, 5, 'FTM-GSK-OA-02', 'PORT 41', '', '', ''),
(1012, 26, 2, 3, 4, 6, 'FTM-GSK-OA-02', 'PORT 42', '', '', ''),
(1013, 26, 2, 3, 4, 7, 'FTM-GSK-OA-02', 'PORT 43', '', '', ''),
(1014, 26, 2, 3, 4, 8, 'FTM-GSK-OA-02', 'PORT 44', '', '', ''),
(1015, 26, 2, 3, 4, 9, 'FTM-GSK-OA-02', 'PORT 45', '', '', ''),
(1016, 26, 2, 3, 4, 10, 'FTM-GSK-OA-02', 'PORT 46', '', '', ''),
(1017, 26, 2, 3, 4, 11, 'FTM-GSK-OA-02', 'PORT 47', '', '', ''),
(1018, 26, 2, 3, 4, 12, 'FTM-GSK-OA-02', 'PORT 48', '', '', ''),
(1019, 26, 2, 3, 5, 1, 'FTM-GSK-OA-02', 'PORT 49', 'ODC-GSK-FZ', 'CORE - 49', 'EA-01/FTB-03/27'),
(1020, 26, 2, 3, 5, 2, 'FTM-GSK-OA-02', 'PORT 50', 'ODC-GSK-FZ', 'CORE - 50', 'EA-01/FTB-05/48'),
(1021, 26, 2, 3, 5, 3, 'FTM-GSK-OA-02', 'PORT 51', 'ODC-GSK-FZ', 'CORE - 51', 'EA-01/FTB-04/105'),
(1022, 26, 2, 3, 5, 4, 'FTM-GSK-OA-02', 'PORT 52', 'ODC-GSK-FZ', 'CORE - 52', 'EA-01/FTB-02/08'),
(1023, 26, 2, 3, 5, 5, 'FTM-GSK-OA-02', 'PORT 53', 'ODC-GSK-FZ', 'CORE - 53', 'EA-01/FTB-04/115'),
(1024, 26, 2, 3, 5, 6, 'FTM-GSK-OA-02', 'PORT 54', 'ODC-GSK-FZ', 'CORE - 54', 'EA-01/FTB-04/118'),
(1025, 26, 2, 3, 5, 7, 'FTM-GSK-OA-02', 'PORT 55', 'ODC-GSK-FZ', 'CORE - 55', 'EA-01/FTB-05/31'),
(1026, 26, 2, 3, 5, 8, 'FTM-GSK-OA-02', 'PORT 56', 'ODC-GSK-FZ', 'CORE - 56', '-'),
(1027, 26, 2, 3, 5, 9, 'FTM-GSK-OA-02', 'PORT 57', 'ODC-GSK-FZ', 'CORE - 57', '-'),
(1028, 26, 2, 3, 5, 10, 'FTM-GSK-OA-02', 'PORT 58', 'ODC-GSK-FZ', 'CORE - 58', 'EA-01/FTB-03/12'),
(1029, 26, 2, 3, 5, 11, 'FTM-GSK-OA-02', 'PORT 59', 'ODC-GSK-FZ', 'CORE - 59', 'EA-01/FTB-03/58'),
(1030, 26, 2, 3, 5, 12, 'FTM-GSK-OA-02', 'PORT 60', 'ODC-GSK-FZ', 'CORE - 60', 'EA-01/FTB-06/04'),
(1031, 26, 2, 4, 1, 1, 'FTM-GSK-OA-02', 'PORT 01', 'ODC-GSK-FAK', 'CORE - 01', '-'),
(1032, 26, 2, 4, 1, 2, 'FTM-GSK-OA-02', 'PORT 02', 'ODC-GSK-FAK', 'CORE - 02', '-'),
(1033, 26, 2, 4, 1, 3, 'FTM-GSK-OA-02', 'PORT 03', 'ODC-GSK-FAK', 'CORE - 03', '-'),
(1034, 26, 2, 4, 1, 4, 'FTM-GSK-OA-02', 'PORT 04', 'ODC-GSK-FAK', 'CORE - 04', '-'),
(1035, 26, 2, 4, 1, 5, 'FTM-GSK-OA-02', 'PORT 05', 'ODC-GSK-FAK', 'CORE - 05', '-'),
(1036, 26, 2, 4, 1, 6, 'FTM-GSK-OA-02', 'PORT 06', 'ODC-GSK-FAK', 'CORE - 06', '-'),
(1037, 26, 2, 4, 1, 7, 'FTM-GSK-OA-02', 'PORT 07', 'ODC-GSK-FAK', 'CORE - 07', '-'),
(1038, 26, 2, 4, 1, 8, 'FTM-GSK-OA-02', 'PORT 08', 'ODC-GSK-FAK', 'CORE - 08', '-'),
(1039, 26, 2, 4, 1, 9, 'FTM-GSK-OA-02', 'PORT 09', 'ODC-GSK-FAK', 'CORE - 09', '-'),
(1040, 26, 2, 4, 1, 10, 'FTM-GSK-OA-02', 'PORT 10', 'ODC-GSK-FAK', 'CORE - 10', '-'),
(1041, 26, 2, 4, 1, 11, 'FTM-GSK-OA-02', 'PORT 11', 'ODC-GSK-FAK', 'CORE - 11', '-'),
(1042, 26, 2, 4, 1, 12, 'FTM-GSK-OA-02', 'PORT 12', 'ODC-GSK-FAK', 'CORE - 12', '-'),
(1043, 26, 2, 4, 2, 1, 'FTM-GSK-OA-02', 'PORT 13', 'ODC-GSK-FAK', 'CORE - 13', 'EA-01/FTB-06/69'),
(1044, 26, 2, 4, 2, 2, 'FTM-GSK-OA-02', 'PORT 14', 'ODC-GSK-FAK', 'CORE - 14', 'EA-01/FTB-06/70'),
(1045, 26, 2, 4, 2, 3, 'FTM-GSK-OA-02', 'PORT 15', 'ODC-GSK-FAK', 'CORE - 15', 'EA-01/FTB-06/71'),
(1046, 26, 2, 4, 2, 4, 'FTM-GSK-OA-02', 'PORT 16', 'ODC-GSK-FAK', 'CORE - 16', 'EA-01/FTB-06/72'),
(1047, 26, 2, 4, 2, 5, 'FTM-GSK-OA-02', 'PORT 17', 'ODC-GSK-FAK', 'CORE - 17', 'EA-01/FTB-06/73'),
(1048, 26, 2, 4, 2, 6, 'FTM-GSK-OA-02', 'PORT 18', 'ODC-GSK-FAK', 'CORE - 18', 'EA-01/FTB-06/74'),
(1049, 26, 2, 4, 2, 7, 'FTM-GSK-OA-02', 'PORT 19', 'ODC-GSK-FAK', 'CORE - 19', 'EA-01/FTB-06/75'),
(1050, 26, 2, 4, 2, 8, 'FTM-GSK-OA-02', 'PORT 20', 'ODC-GSK-FAK', 'CORE - 20', 'EA-01/FTB-02/27'),
(1051, 26, 2, 4, 2, 9, 'FTM-GSK-OA-02', 'PORT 21', 'ODC-GSK-FAK', 'CORE - 21', 'EA-01/FTB-06/107'),
(1052, 26, 2, 4, 2, 10, 'FTM-GSK-OA-02', 'PORT 22', 'ODC-GSK-FAK', 'CORE - 22', 'EA-01/FTB-06/105'),
(1053, 26, 2, 4, 2, 11, 'FTM-GSK-OA-02', 'PORT 23', 'ODC-GSK-FAK', 'CORE - 23', 'EA-01/FTB-06/110'),
(1054, 26, 2, 4, 2, 12, 'FTM-GSK-OA-02', 'PORT 24', 'ODC-GSK-FAK', 'CORE - 24', 'EA-01/FTB-04/71'),
(1055, 26, 2, 4, 3, 1, 'FTM-GSK-OA-02', 'PORT 25', 'ODC-GSK-FAK', 'CORE - 25', '-'),
(1056, 26, 2, 4, 3, 2, 'FTM-GSK-OA-02', 'PORT 26', 'ODC-GSK-FAK', 'CORE - 26', '-'),
(1057, 26, 2, 4, 3, 3, 'FTM-GSK-OA-02', 'PORT 27', 'ODC-GSK-FAK', 'CORE - 27', '-'),
(1058, 26, 2, 4, 3, 4, 'FTM-GSK-OA-02', 'PORT 28', 'ODC-GSK-FAK', 'CORE - 28', '-'),
(1059, 26, 2, 4, 3, 5, 'FTM-GSK-OA-02', 'PORT 29', 'ODC-GSK-FAK', 'CORE - 29', '-'),
(1060, 26, 2, 4, 3, 6, 'FTM-GSK-OA-02', 'PORT 30', 'ODC-GSK-FAK', 'CORE - 30', '-'),
(1061, 26, 2, 4, 3, 7, 'FTM-GSK-OA-02', 'PORT 31', 'ODC-GSK-FAK', 'CORE - 31', '-'),
(1062, 26, 2, 4, 3, 8, 'FTM-GSK-OA-02', 'PORT 32', 'ODC-GSK-FAK', 'CORE - 32', '-'),
(1063, 26, 2, 4, 3, 9, 'FTM-GSK-OA-02', 'PORT 33', 'ODC-GSK-FAK', 'CORE - 33', '-'),
(1064, 26, 2, 4, 3, 10, 'FTM-GSK-OA-02', 'PORT 34', 'ODC-GSK-FAK', 'CORE - 34', '-'),
(1065, 26, 2, 4, 3, 11, 'FTM-GSK-OA-02', 'PORT 35', 'ODC-GSK-FAK', 'CORE - 35', '-'),
(1066, 26, 2, 4, 3, 12, 'FTM-GSK-OA-02', 'PORT 36', 'ODC-GSK-FAK', 'CORE - 36', '-'),
(1067, 26, 2, 4, 4, 1, 'FTM-GSK-OA-02', 'PORT 37', 'ODC-GSK-FAK', 'CORE - 37', '-'),
(1068, 26, 2, 4, 4, 2, 'FTM-GSK-OA-02', 'PORT 38', 'ODC-GSK-FAK', 'CORE - 38', '-'),
(1069, 26, 2, 4, 4, 3, 'FTM-GSK-OA-02', 'PORT 39', 'ODC-GSK-FAK', 'CORE - 39', '-'),
(1070, 26, 2, 4, 4, 4, 'FTM-GSK-OA-02', 'PORT 40', 'ODC-GSK-FAK', 'CORE - 40', '-'),
(1071, 26, 2, 4, 4, 5, 'FTM-GSK-OA-02', 'PORT 41', 'ODC-GSK-FAK', 'CORE - 41', '-'),
(1072, 26, 2, 4, 4, 6, 'FTM-GSK-OA-02', 'PORT 42', 'ODC-GSK-FAK', 'CORE - 42', '-'),
(1073, 26, 2, 4, 4, 7, 'FTM-GSK-OA-02', 'PORT 43', 'ODC-GSK-FAK', 'CORE - 43', '-'),
(1074, 26, 2, 4, 4, 8, 'FTM-GSK-OA-02', 'PORT 44', 'ODC-GSK-FAK', 'CORE - 44', '-'),
(1075, 26, 2, 4, 4, 9, 'FTM-GSK-OA-02', 'PORT 45', 'ODC-GSK-FAK', 'CORE - 45', '-'),
(1076, 26, 2, 4, 4, 10, 'FTM-GSK-OA-02', 'PORT 46', 'ODC-GSK-FAK', 'CORE - 46', '-'),
(1077, 26, 2, 4, 4, 11, 'FTM-GSK-OA-02', 'PORT 47', 'ODC-GSK-FAK', 'CORE - 47', '-'),
(1078, 26, 2, 4, 4, 12, 'FTM-GSK-OA-02', 'PORT 48', 'ODC-GSK-FAK', 'CORE - 48', '-'),
(1079, 26, 2, 4, 5, 1, 'FTM-GSK-OA-02', 'PORT 49', 'ODC-GSK-FAL', 'CORE - 49', 'EA-01/FTB-06/27'),
(1080, 26, 2, 4, 5, 2, 'FTM-GSK-OA-02', 'PORT 50', 'ODC-GSK-FAL', 'CORE - 50', 'EA-01/FTB-06/76'),
(1081, 26, 2, 4, 5, 3, 'FTM-GSK-OA-02', 'PORT 51', 'ODC-GSK-FAL', 'CORE - 51', 'EA-01/FTB-06/77'),
(1082, 26, 2, 4, 5, 4, 'FTM-GSK-OA-02', 'PORT 52', 'ODC-GSK-FAL', 'CORE - 52', 'EA-01/FTB-06/78'),
(1083, 26, 2, 4, 5, 5, 'FTM-GSK-OA-02', 'PORT 53', 'ODC-GSK-FAL', 'CORE - 53', 'EA-01/FTB-06/79'),
(1084, 26, 2, 4, 5, 6, 'FTM-GSK-OA-02', 'PORT 54', 'ODC-GSK-FAL', 'CORE - 54', 'EA-01/FTB-06/80'),
(1085, 26, 2, 4, 5, 7, 'FTM-GSK-OA-02', 'PORT 55', 'ODC-GSK-FAL', 'CORE - 55', 'EA-01/FTB-06/88'),
(1086, 26, 2, 4, 5, 8, 'FTM-GSK-OA-02', 'PORT 56', 'ODC-GSK-FAL', 'CORE - 56', 'EA-01/FTB-06/89'),
(1087, 26, 2, 4, 5, 9, 'FTM-GSK-OA-02', 'PORT 57', 'ODC-GSK-FAL', 'CORE - 57', 'EA-01/FTB-06/90'),
(1088, 26, 2, 4, 5, 10, 'FTM-GSK-OA-02', 'PORT 58', 'ODC-GSK-FAL', 'CORE - 58', 'EA-01/FTB-03/105'),
(1089, 26, 2, 4, 5, 11, 'FTM-GSK-OA-02', 'PORT 59', 'ODC-GSK-FAL', 'CORE - 59', '-'),
(1090, 26, 2, 4, 5, 12, 'FTM-GSK-OA-02', 'PORT 60', 'ODC-GSK-FAL', 'CORE - 60', '-'),
(1091, 26, 2, 4, 6, 1, 'FTM-GSK-OA-02', 'PORT 61', 'ODC-GSK-FAL', 'CORE - 61', 'EA-01/FTB-06/116'),
(1092, 26, 2, 4, 6, 2, 'FTM-GSK-OA-02', 'PORT 62', 'ODC-GSK-FAL', 'CORE - 62', 'EA-01/FTB-05/51 EA-01/FTB'),
(1093, 26, 2, 4, 6, 3, 'FTM-GSK-OA-02', 'PORT 63', 'ODC-GSK-FAL', 'CORE - 63', '-'),
(1094, 26, 2, 4, 6, 4, 'FTM-GSK-OA-02', 'PORT 64', 'ODC-GSK-FAL', 'CORE - 64', '-'),
(1095, 26, 2, 4, 6, 5, 'FTM-GSK-OA-02', 'PORT 65', 'ODC-GSK-FAL', 'CORE - 65', '-'),
(1096, 26, 2, 4, 6, 6, 'FTM-GSK-OA-02', 'PORT 66', 'ODC-GSK-FAL', 'CORE - 66', '-'),
(1097, 26, 2, 4, 6, 7, 'FTM-GSK-OA-02', 'PORT 67', 'ODC-GSK-FAL', 'CORE - 67', 'EA-01/FTB-03/23'),
(1098, 26, 2, 4, 6, 8, 'FTM-GSK-OA-02', 'PORT 68', 'ODC-GSK-FAL', 'CORE - 68', 'EA-01/FTB-03/26'),
(1099, 26, 2, 4, 6, 9, 'FTM-GSK-OA-02', 'PORT 69', 'ODC-GSK-FAL', 'CORE - 69', 'EA-01/FTB-03/28'),
(1100, 26, 2, 4, 6, 10, 'FTM-GSK-OA-02', 'PORT 70', 'ODC-GSK-FAL', 'CORE - 70', 'EA-01/FTB-03/64'),
(1101, 26, 2, 4, 6, 11, 'FTM-GSK-OA-02', 'PORT 71', 'ODC-GSK-FAL', 'CORE - 71', 'EA-01/FTB-03/67'),
(1102, 26, 2, 4, 6, 12, 'FTM-GSK-OA-02', 'PORT 72', 'ODC-GSK-FAL', 'CORE - 72', 'EA-01/FTB-03/136'),
(1103, 26, 2, 4, 7, 1, 'FTM-GSK-OA-02', 'PORT 73', 'ODC-GSK-FAL', 'CORE - 73', '-'),
(1104, 26, 2, 4, 7, 2, 'FTM-GSK-OA-02', 'PORT 74', 'ODC-GSK-FAL', 'CORE - 74', '-'),
(1105, 26, 2, 4, 7, 3, 'FTM-GSK-OA-02', 'PORT 75', 'ODC-GSK-FAL', 'CORE - 75', '-'),
(1106, 26, 2, 4, 7, 4, 'FTM-GSK-OA-02', 'PORT 76', 'ODC-GSK-FAL', 'CORE - 76', '-'),
(1107, 26, 2, 4, 7, 5, 'FTM-GSK-OA-02', 'PORT 77', 'ODC-GSK-FAL', 'CORE - 77', '-'),
(1108, 26, 2, 4, 7, 6, 'FTM-GSK-OA-02', 'PORT 78', 'ODC-GSK-FAL', 'CORE - 78', '-'),
(1109, 26, 2, 4, 7, 7, 'FTM-GSK-OA-02', 'PORT 79', 'ODC-GSK-FAL', 'CORE - 79', '-'),
(1110, 26, 2, 4, 7, 8, 'FTM-GSK-OA-02', 'PORT 80', 'ODC-GSK-FAL', 'CORE - 80', '-'),
(1111, 26, 2, 4, 7, 9, 'FTM-GSK-OA-02', 'PORT 81', 'ODC-GSK-FAL', 'CORE - 81', '-'),
(1112, 26, 2, 4, 7, 10, 'FTM-GSK-OA-02', 'PORT 82', 'ODC-GSK-FAL', 'CORE - 82', '-'),
(1113, 26, 2, 4, 7, 11, 'FTM-GSK-OA-02', 'PORT 83', 'ODC-GSK-FAL', 'CORE - 83', '-'),
(1114, 26, 2, 4, 7, 12, 'FTM-GSK-OA-02', 'PORT 84', 'ODC-GSK-FAL', 'CORE - 84', '-'),
(1115, 26, 2, 4, 8, 1, 'FTM-GSK-OA-02', 'PORT 85', 'ODC-GSK-FAL', 'CORE - 85', '-'),
(1116, 26, 2, 4, 8, 2, 'FTM-GSK-OA-02', 'PORT 86', 'ODC-GSK-FAL', 'CORE - 86', '-'),
(1117, 26, 2, 4, 8, 3, 'FTM-GSK-OA-02', 'PORT 87', 'ODC-GSK-FAL', 'CORE - 87', '-'),
(1118, 26, 2, 4, 8, 4, 'FTM-GSK-OA-02', 'PORT 88', 'ODC-GSK-FAL', 'CORE - 88', '-'),
(1119, 26, 2, 4, 8, 5, 'FTM-GSK-OA-02', 'PORT 89', 'ODC-GSK-FAL', 'CORE - 89', '-'),
(1120, 26, 2, 4, 8, 6, 'FTM-GSK-OA-02', 'PORT 90', 'ODC-GSK-FAL', 'CORE - 90', '-'),
(1121, 26, 2, 4, 8, 7, 'FTM-GSK-OA-02', 'PORT 91', 'ODC-GSK-FAL', 'CORE - 91', '-'),
(1122, 26, 2, 4, 8, 8, 'FTM-GSK-OA-02', 'PORT 92', 'ODC-GSK-FAL', 'CORE - 92', '-'),
(1123, 26, 2, 4, 8, 9, 'FTM-GSK-OA-02', 'PORT 93', 'ODC-GSK-FAL', 'CORE - 93', '-'),
(1124, 26, 2, 4, 8, 10, 'FTM-GSK-OA-02', 'PORT 94', 'ODC-GSK-FAL', 'CORE - 94', '-'),
(1125, 26, 2, 4, 8, 11, 'FTM-GSK-OA-02', 'PORT 95', 'ODC-GSK-FAL', 'CORE - 95', '-'),
(1126, 26, 2, 4, 8, 12, 'FTM-GSK-OA-02', 'PORT 96', 'ODC-GSK-FAL', 'CORE - 96', '-'),
(1127, 26, 2, 5, 1, 1, 'FTM-GSK-OA-02', 'PORT 01', 'ODC-GSK-FQ', 'CORE - 01', 'EA-01/FTB-02/84'),
(1128, 26, 2, 5, 1, 2, 'FTM-GSK-OA-02', 'PORT 02', 'ODC-GSK-FQ', 'CORE - 02', 'EA-01/FTB-05/122'),
(1129, 26, 2, 5, 1, 3, 'FTM-GSK-OA-02', 'PORT 03', 'ODC-GSK-FQ', 'CORE - 03', 'EA-01/FTB-05/123'),
(1130, 26, 2, 5, 1, 4, 'FTM-GSK-OA-02', 'PORT 04', 'ODC-GSK-FQ', 'CORE - 04', 'EA-01/FTB-05/124'),
(1131, 26, 2, 5, 1, 5, 'FTM-GSK-OA-02', 'PORT 05', 'ODC-GSK-FQ', 'CORE - 05', 'EA-01/FTB-05/125'),
(1132, 26, 2, 5, 1, 6, 'FTM-GSK-OA-02', 'PORT 06', 'ODC-GSK-FQ', 'CORE - 06', 'EA-01/FTB-05/126'),
(1133, 26, 2, 5, 1, 7, 'FTM-GSK-OA-02', 'PORT 07', 'ODC-GSK-FQ', 'CORE - 07', 'EA-01/FTB-05/127'),
(1134, 26, 2, 5, 1, 8, 'FTM-GSK-OA-02', 'PORT 08', 'ODC-GSK-FQ', 'CORE - 08', 'EA-01/FTB-05/128'),
(1135, 26, 2, 5, 1, 9, 'FTM-GSK-OA-02', 'PORT 09', 'ODC-GSK-FQ', 'CORE - 09', 'EA-01/FTB-03/43'),
(1136, 26, 2, 5, 1, 10, 'FTM-GSK-OA-02', 'PORT 10', 'ODC-GSK-FQ', 'CORE - 10', 'EA-01/FTB-01/56'),
(1137, 26, 2, 5, 1, 11, 'FTM-GSK-OA-02', 'PORT 11', 'ODC-GSK-FQ', 'CORE - 11', 'EA-01/FTB-02/30'),
(1138, 26, 2, 5, 1, 12, 'FTM-GSK-OA-02', 'PORT 12', 'ODC-GSK-FQ', 'CORE - 12', 'EA-01/FTB-04/12'),
(1139, 26, 2, 5, 2, 1, 'FTM-GSK-OA-02', 'PORT 13', 'ODC-GSK-FQ', 'CORE - 13', '-'),
(1140, 26, 2, 5, 2, 2, 'FTM-GSK-OA-02', 'PORT 14', 'ODC-GSK-FQ', 'CORE - 14', '-'),
(1141, 26, 2, 5, 2, 3, 'FTM-GSK-OA-02', 'PORT 15', 'ODC-GSK-FQ', 'CORE - 15', '-'),
(1142, 26, 2, 5, 2, 4, 'FTM-GSK-OA-02', 'PORT 16', 'ODC-GSK-FQ', 'CORE - 16', '-'),
(1143, 26, 2, 5, 2, 5, 'FTM-GSK-OA-02', 'PORT 17', 'ODC-GSK-FQ', 'CORE - 17', '-'),
(1144, 26, 2, 5, 2, 6, 'FTM-GSK-OA-02', 'PORT 18', 'ODC-GSK-FQ', 'CORE - 18', '-'),
(1145, 26, 2, 5, 2, 7, 'FTM-GSK-OA-02', 'PORT 19', 'ODC-GSK-FQ', 'CORE - 19', '-'),
(1146, 26, 2, 5, 2, 8, 'FTM-GSK-OA-02', 'PORT 20', 'ODC-GSK-FQ', 'CORE - 20', '-'),
(1147, 26, 2, 5, 2, 9, 'FTM-GSK-OA-02', 'PORT 21', 'ODC-GSK-FQ', 'CORE - 21', '-'),
(1148, 26, 2, 5, 2, 10, 'FTM-GSK-OA-02', 'PORT 22', 'ODC-GSK-FQ', 'CORE - 22', '-'),
(1149, 26, 2, 5, 2, 11, 'FTM-GSK-OA-02', 'PORT 23', 'ODC-GSK-FQ', 'CORE - 23', '-'),
(1150, 26, 2, 5, 2, 12, 'FTM-GSK-OA-02', 'PORT 24', 'ODC-GSK-FQ', 'CORE - 24', '-'),
(1151, 26, 2, 5, 3, 1, 'FTM-GSK-OA-02', 'PORT 25', 'ODC-GSK-FP', 'CORE - 25', 'EA-01/FTB-01/98'),
(1152, 26, 2, 5, 3, 2, 'FTM-GSK-OA-02', 'PORT 26', 'ODC-GSK-FP', 'CORE - 26', 'EA-01/FTB-01/54'),
(1153, 26, 2, 5, 3, 3, 'FTM-GSK-OA-02', 'PORT 27', 'ODC-GSK-FP', 'CORE - 27', '-'),
(1154, 26, 2, 5, 3, 4, 'FTM-GSK-OA-02', 'PORT 28', 'ODC-GSK-FP', 'CORE - 28', 'EA-01/FTB-01/99'),
(1155, 26, 2, 5, 3, 5, 'FTM-GSK-OA-02', 'PORT 29', 'ODC-GSK-FP', 'CORE - 29', 'EA-01/FTB-01/102'),
(1156, 26, 2, 5, 3, 6, 'FTM-GSK-OA-02', 'PORT 30', 'ODC-GSK-FP', 'CORE - 30', 'EA-01/FTB-02/125'),
(1157, 26, 2, 5, 3, 7, 'FTM-GSK-OA-02', 'PORT 31', 'ODC-GSK-FP', 'CORE - 31', 'EA-01/FTB-02/128'),
(1158, 26, 2, 5, 3, 8, 'FTM-GSK-OA-02', 'PORT 32', 'ODC-GSK-FP', 'CORE - 32', 'EA-01/FTB-02/116'),
(1159, 26, 2, 5, 3, 9, 'FTM-GSK-OA-02', 'PORT 33', 'ODC-GSK-FP', 'CORE - 33', '-'),
(1160, 26, 2, 5, 3, 10, 'FTM-GSK-OA-02', 'PORT 34', 'ODC-GSK-FP', 'CORE - 34', '-'),
(1161, 26, 2, 5, 3, 11, 'FTM-GSK-OA-02', 'PORT 35', 'ODC-GSK-FP', 'CORE - 35', '-'),
(1162, 26, 2, 5, 3, 12, 'FTM-GSK-OA-02', 'PORT 36', 'ODC-GSK-FP', 'CORE - 36', 'EA-01/FTB-03/60'),
(1163, 26, 2, 5, 4, 1, 'FTM-GSK-OA-02', 'PORT 37', 'ODC-GSK-FP', 'CORE - 37', '-'),
(1164, 26, 2, 5, 4, 2, 'FTM-GSK-OA-02', 'PORT 38', 'ODC-GSK-FP', 'CORE - 38', '-'),
(1165, 26, 2, 5, 4, 3, 'FTM-GSK-OA-02', 'PORT 39', 'ODC-GSK-FP', 'CORE - 39', '-'),
(1166, 26, 2, 5, 4, 4, 'FTM-GSK-OA-02', 'PORT 40', 'ODC-GSK-FP', 'CORE - 40', '-'),
(1167, 26, 2, 5, 4, 5, 'FTM-GSK-OA-02', 'PORT 41', 'ODC-GSK-FP', 'CORE - 41', '-'),
(1168, 26, 2, 5, 4, 6, 'FTM-GSK-OA-02', 'PORT 42', 'ODC-GSK-FP', 'CORE - 42', 'EA-01/FTB-01/132'),
(1169, 26, 2, 5, 4, 7, 'FTM-GSK-OA-02', 'PORT 43', 'ODC-GSK-FP', 'CORE - 43', '-'),
(1170, 26, 2, 5, 4, 8, 'FTM-GSK-OA-02', 'PORT 44', 'ODC-GSK-FP', 'CORE - 44', '-'),
(1171, 26, 2, 5, 4, 9, 'FTM-GSK-OA-02', 'PORT 45', 'ODC-GSK-FP', 'CORE - 45', '-'),
(1172, 26, 2, 5, 4, 10, 'FTM-GSK-OA-02', 'PORT 46', 'ODC-GSK-FP', 'CORE - 46', '-'),
(1173, 26, 2, 5, 4, 11, 'FTM-GSK-OA-02', 'PORT 47', 'ODC-GSK-FP', 'CORE - 47', '-'),
(1174, 26, 2, 5, 4, 12, 'FTM-GSK-OA-02', 'PORT 48', 'ODC-GSK-FP', 'CORE - 48', '-'),
(1175, 26, 2, 5, 5, 1, 'FTM-GSK-OA-02', 'PORT 49', 'ODC-GSK-FP', 'CORE - 49', '-'),
(1176, 26, 2, 5, 5, 2, 'FTM-GSK-OA-02', 'PORT 50', 'ODC-GSK-FP', 'CORE - 50', '-'),
(1177, 26, 2, 5, 5, 3, 'FTM-GSK-OA-02', 'PORT 51', 'ODC-GSK-FP', 'CORE - 51', '-'),
(1178, 26, 2, 5, 5, 4, 'FTM-GSK-OA-02', 'PORT 52', 'ODC-GSK-FP', 'CORE - 52', '-'),
(1179, 26, 2, 5, 5, 5, 'FTM-GSK-OA-02', 'PORT 53', 'ODC-GSK-FP', 'CORE - 53', '-'),
(1180, 26, 2, 5, 5, 6, 'FTM-GSK-OA-02', 'PORT 54', 'ODC-GSK-FP', 'CORE - 54', '-'),
(1181, 26, 2, 5, 5, 7, 'FTM-GSK-OA-02', 'PORT 55', 'ODC-GSK-FP', 'CORE - 55', '-'),
(1182, 26, 2, 5, 5, 8, 'FTM-GSK-OA-02', 'PORT 56', 'ODC-GSK-FP', 'CORE - 56', '-'),
(1183, 26, 2, 5, 5, 9, 'FTM-GSK-OA-02', 'PORT 57', 'ODC-GSK-FP', 'CORE - 57', '-'),
(1184, 26, 2, 5, 5, 10, 'FTM-GSK-OA-02', 'PORT 58', 'ODC-GSK-FP', 'CORE - 58', '-'),
(1185, 26, 2, 5, 5, 11, 'FTM-GSK-OA-02', 'PORT 59', 'ODC-GSK-FP', 'CORE - 59', '-'),
(1186, 26, 2, 5, 5, 12, 'FTM-GSK-OA-02', 'PORT 60', 'ODC-GSK-FP', 'CORE - 60', '-'),
(1187, 26, 2, 5, 6, 1, 'FTM-GSK-OA-02', 'PORT 61', 'ODC-GSK-FAV', 'CORE - 61', 'EA-01/FTB-03/33'),
(1188, 26, 2, 5, 6, 2, 'FTM-GSK-OA-02', 'PORT 62', 'ODC-GSK-FAV', 'CORE - 62', 'EA-01/FTB-03/40'),
(1189, 26, 2, 5, 6, 3, 'FTM-GSK-OA-02', 'PORT 63', 'ODC-GSK-FAV', 'CORE - 63', 'EA-01/FTB-03/52'),
(1190, 26, 2, 5, 6, 4, 'FTM-GSK-OA-02', 'PORT 64', 'ODC-GSK-FAV', 'CORE - 64', 'EA-01/FTB-04/66'),
(1191, 26, 2, 5, 6, 5, 'FTM-GSK-OA-02', 'PORT 65', 'ODC-GSK-FAV', 'CORE - 65', '-'),
(1192, 26, 2, 5, 6, 6, 'FTM-GSK-OA-02', 'PORT 66', 'ODC-GSK-FAV', 'CORE - 66', '-'),
(1193, 26, 2, 5, 6, 7, 'FTM-GSK-OA-02', 'PORT 67', 'ODC-GSK-FAV', 'CORE - 67', '-'),
(1194, 26, 2, 5, 6, 8, 'FTM-GSK-OA-02', 'PORT 68', 'ODC-GSK-FAV', 'CORE - 68', '-'),
(1195, 26, 2, 5, 6, 9, 'FTM-GSK-OA-02', 'PORT 69', 'ODC-GSK-FAV', 'CORE - 69', '-'),
(1196, 26, 2, 5, 6, 10, 'FTM-GSK-OA-02', 'PORT 70', 'ODC-GSK-FAV', 'CORE - 70', '-'),
(1197, 26, 2, 5, 6, 11, 'FTM-GSK-OA-02', 'PORT 71', 'ODC-GSK-FAV', 'CORE - 71', '-'),
(1198, 26, 2, 5, 6, 12, 'FTM-GSK-OA-02', 'PORT 72', 'ODC-GSK-FAV', 'CORE - 72', '-'),
(1199, 26, 2, 5, 7, 1, 'FTM-GSK-OA-02', 'PORT 73', 'ODC-GSK-FAT', 'CORE - 73', 'EA-01/FTB-03/55'),
(1200, 26, 2, 5, 7, 2, 'FTM-GSK-OA-02', 'PORT 74', 'ODC-GSK-FAT', 'CORE - 74', 'EA-01/FTB-03/70'),
(1201, 26, 2, 5, 7, 3, 'FTM-GSK-OA-02', 'PORT 75', 'ODC-GSK-FAT', 'CORE - 75', 'EA-02/FTB-01/121'),
(1202, 26, 2, 5, 7, 4, 'FTM-GSK-OA-02', 'PORT 76', 'ODC-GSK-FAT', 'CORE - 76', 'EA-02/FTB-01/02'),
(1203, 26, 2, 5, 7, 5, 'FTM-GSK-OA-02', 'PORT 77', 'ODC-GSK-FAT', 'CORE - 77', 'EA-01/FTB-06/134'),
(1204, 26, 2, 5, 7, 6, 'FTM-GSK-OA-02', 'PORT 78', 'ODC-GSK-FAT', 'CORE - 78', 'EA-01/FTB-06/136'),
(1205, 26, 2, 5, 7, 7, 'FTM-GSK-OA-02', 'PORT 79', 'ODC-GSK-FAT', 'CORE - 79', 'EA-02/FTB-01/03'),
(1206, 26, 2, 5, 7, 8, 'FTM-GSK-OA-02', 'PORT 80', 'ODC-GSK-FAT', 'CORE - 80', '-'),
(1207, 26, 2, 5, 7, 9, 'FTM-GSK-OA-02', 'PORT 81', 'ODC-GSK-FAT', 'CORE - 81', '-'),
(1208, 26, 2, 5, 7, 10, 'FTM-GSK-OA-02', 'PORT 82', 'ODC-GSK-FAT', 'CORE - 82', '-'),
(1209, 26, 2, 5, 7, 11, 'FTM-GSK-OA-02', 'PORT 83', 'ODC-GSK-FAT', 'CORE - 83', '-'),
(1210, 26, 2, 5, 7, 12, 'FTM-GSK-OA-02', 'PORT 84', 'ODC-GSK-FAT', 'CORE - 84', '-'),
(1211, 26, 2, 5, 8, 1, 'FTM-GSK-OA-02', 'PORT 85', 'ODC-GSK-FAT', 'CORE - 85', '-'),
(1212, 26, 2, 5, 8, 2, 'FTM-GSK-OA-02', 'PORT 86', 'ODC-GSK-FAT', 'CORE - 86', '-'),
(1213, 26, 2, 5, 8, 3, 'FTM-GSK-OA-02', 'PORT 87', 'ODC-GSK-FAT', 'CORE - 87', '-'),
(1214, 26, 2, 5, 8, 4, 'FTM-GSK-OA-02', 'PORT 88', 'ODC-GSK-FAT', 'CORE - 88', '-'),
(1215, 26, 2, 5, 8, 5, 'FTM-GSK-OA-02', 'PORT 89', 'ODC-GSK-FAT', 'CORE - 89', '-'),
(1216, 26, 2, 5, 8, 6, 'FTM-GSK-OA-02', 'PORT 90', 'ODC-GSK-FAT', 'CORE - 90', '-'),
(1217, 26, 2, 5, 8, 7, 'FTM-GSK-OA-02', 'PORT 91', 'ODC-GSK-FAT', 'CORE - 91', '-'),
(1218, 26, 2, 5, 8, 8, 'FTM-GSK-OA-02', 'PORT 92', 'ODC-GSK-FAT', 'CORE - 92', '-'),
(1219, 26, 2, 5, 8, 9, 'FTM-GSK-OA-02', 'PORT 93', 'ODC-GSK-FAT', 'CORE - 93', '-'),
(1220, 26, 2, 5, 8, 10, 'FTM-GSK-OA-02', 'PORT 94', 'ODC-GSK-FAT', 'CORE - 94', '-'),
(1221, 26, 2, 5, 8, 11, 'FTM-GSK-OA-02', 'PORT 95', 'ODC-GSK-FAT', 'CORE - 95', '-');
INSERT INTO `tb_ftm` (`id`, `id_ftm`, `id_kolom`, `id_panel`, `id_row`, `id_col`, `nm_ftm`, `port`, `odc`, `core`, `ftm`) VALUES
(1222, 26, 2, 5, 8, 12, 'FTM-GSK-OA-02', 'PORT 96', 'ODC-GSK-FAT', 'CORE - 96', '-'),
(1223, 26, 2, 6, 1, 1, 'FTM-GSK-OA-02', 'PORT 01', '', '', ''),
(1224, 26, 2, 6, 1, 2, 'FTM-GSK-OA-02', 'PORT 03', '', '', ''),
(1225, 26, 2, 6, 1, 3, 'FTM-GSK-OA-02', 'PORT 05', '', '', ''),
(1226, 26, 2, 6, 1, 4, 'FTM-GSK-OA-02', 'PORT 07', '', '', ''),
(1227, 26, 2, 6, 1, 5, 'FTM-GSK-OA-02', 'PORT 09', '', '', ''),
(1228, 26, 2, 6, 1, 6, 'FTM-GSK-OA-02', 'PORT 11', '', '', ''),
(1229, 26, 2, 6, 1, 7, 'FTM-GSK-OA-02', 'PORT 13', '', '', ''),
(1230, 26, 2, 6, 1, 8, 'FTM-GSK-OA-02', 'PORT 15', '', '', ''),
(1231, 26, 2, 6, 1, 9, 'FTM-GSK-OA-02', 'PORT 17', '', '', ''),
(1232, 26, 2, 6, 1, 10, 'FTM-GSK-OA-02', 'PORT 19', '', '', ''),
(1233, 26, 2, 6, 1, 11, 'FTM-GSK-OA-02', 'PORT 21', '', '', ''),
(1234, 26, 2, 6, 1, 12, 'FTM-GSK-OA-02', 'PORT 23', '', '', ''),
(1235, 26, 2, 6, 2, 1, 'FTM-GSK-OA-02', 'PORT 02', '', '', ''),
(1236, 26, 2, 6, 2, 2, 'FTM-GSK-OA-02', 'PORT 04', '', '', ''),
(1237, 26, 2, 6, 2, 3, 'FTM-GSK-OA-02', 'PORT 06', '', '', ''),
(1238, 26, 2, 6, 2, 4, 'FTM-GSK-OA-02', 'PORT 08', '', '', ''),
(1239, 26, 2, 6, 2, 5, 'FTM-GSK-OA-02', 'PORT 10', '', '', ''),
(1240, 26, 2, 6, 2, 6, 'FTM-GSK-OA-02', 'PORT 12', '', '', ''),
(1241, 26, 2, 6, 2, 7, 'FTM-GSK-OA-02', 'PORT 14', '', '', ''),
(1242, 26, 2, 6, 2, 8, 'FTM-GSK-OA-02', 'PORT 16', '', '', ''),
(1243, 26, 2, 6, 2, 9, 'FTM-GSK-OA-02', 'PORT 18', '', '', ''),
(1244, 26, 2, 6, 2, 10, 'FTM-GSK-OA-02', 'PORT 20', '', '', ''),
(1245, 26, 2, 6, 2, 11, 'FTM-GSK-OA-02', 'PORT 22', '', '', ''),
(1246, 26, 2, 6, 2, 12, 'FTM-GSK-OA-02', 'PORT 24', '', '', ''),
(1247, 26, 2, 6, 3, 1, 'FTM-GSK-OA-02', 'PORT 25', '', '', ''),
(1248, 26, 2, 6, 3, 2, 'FTM-GSK-OA-02', 'PORT 27', '', '', ''),
(1249, 26, 2, 6, 3, 3, 'FTM-GSK-OA-02', 'PORT 29', '', '', ''),
(1250, 26, 2, 6, 3, 4, 'FTM-GSK-OA-02', 'PORT 31', '', '', ''),
(1251, 26, 2, 6, 3, 5, 'FTM-GSK-OA-02', 'PORT 33', '', '', ''),
(1252, 26, 2, 6, 3, 6, 'FTM-GSK-OA-02', 'PORT 35', '', '', ''),
(1253, 26, 2, 6, 3, 7, 'FTM-GSK-OA-02', 'PORT 37', '', '', ''),
(1254, 26, 2, 6, 3, 8, 'FTM-GSK-OA-02', 'PORT 39', '', '', ''),
(1255, 26, 2, 6, 3, 9, 'FTM-GSK-OA-02', 'PORT 41', '', '', ''),
(1256, 26, 2, 6, 3, 10, 'FTM-GSK-OA-02', 'PORT 43', '', '', ''),
(1257, 26, 2, 6, 3, 11, 'FTM-GSK-OA-02', 'PORT 45', '', '', ''),
(1258, 26, 2, 6, 3, 12, 'FTM-GSK-OA-02', 'PORT 47', '', '', ''),
(1259, 26, 2, 6, 4, 1, 'FTM-GSK-OA-02', 'PORT 26', '', '', ''),
(1260, 26, 2, 6, 4, 2, 'FTM-GSK-OA-02', 'PORT 28', '', '', ''),
(1261, 26, 2, 6, 4, 3, 'FTM-GSK-OA-02', 'PORT 30', '', '', ''),
(1262, 26, 2, 6, 4, 4, 'FTM-GSK-OA-02', 'PORT 32', '', '', ''),
(1263, 26, 2, 6, 4, 5, 'FTM-GSK-OA-02', 'PORT 34', '', '', ''),
(1264, 26, 2, 6, 4, 6, 'FTM-GSK-OA-02', 'PORT 36', '', '', ''),
(1265, 26, 2, 6, 4, 7, 'FTM-GSK-OA-02', 'PORT 38', '', '', ''),
(1266, 26, 2, 6, 4, 8, 'FTM-GSK-OA-02', 'PORT 40', '', '', ''),
(1267, 26, 2, 6, 4, 9, 'FTM-GSK-OA-02', 'PORT 42', '', '', ''),
(1268, 26, 2, 6, 4, 10, 'FTM-GSK-OA-02', 'PORT 44', '', '', ''),
(1269, 26, 2, 6, 4, 11, 'FTM-GSK-OA-02', 'PORT 46', '', '', ''),
(1270, 26, 2, 6, 4, 12, 'FTM-GSK-OA-02', 'PORT 48', '', '', ''),
(1271, 26, 2, 6, 5, 1, 'FTM-GSK-OA-02', 'PORT 49', '', '', ''),
(1272, 26, 2, 6, 5, 2, 'FTM-GSK-OA-02', 'PORT 51', '', '', ''),
(1273, 26, 2, 6, 5, 3, 'FTM-GSK-OA-02', 'PORT 53', '', '', ''),
(1274, 26, 2, 6, 5, 4, 'FTM-GSK-OA-02', 'PORT 55', '', '', ''),
(1275, 26, 2, 6, 5, 5, 'FTM-GSK-OA-02', 'PORT 57', '', '', ''),
(1276, 26, 2, 6, 5, 6, 'FTM-GSK-OA-02', 'PORT 59', '', '', ''),
(1277, 26, 2, 6, 5, 7, 'FTM-GSK-OA-02', 'PORT 61', '', '', ''),
(1278, 26, 2, 6, 5, 8, 'FTM-GSK-OA-02', 'PORT 63', '', '', ''),
(1279, 26, 2, 6, 5, 9, 'FTM-GSK-OA-02', 'PORT 65', '', '', ''),
(1280, 26, 2, 6, 5, 10, 'FTM-GSK-OA-02', 'PORT 67', '', '', ''),
(1281, 26, 2, 6, 5, 11, 'FTM-GSK-OA-02', 'PORT 69', '', '', ''),
(1282, 26, 2, 6, 5, 12, 'FTM-GSK-OA-02', 'PORT 71', '', '', ''),
(1283, 26, 2, 6, 6, 1, 'FTM-GSK-OA-02', 'PORT 50', '', '', ''),
(1284, 26, 2, 6, 6, 2, 'FTM-GSK-OA-02', 'PORT 52', '', '', ''),
(1285, 26, 2, 6, 6, 3, 'FTM-GSK-OA-02', 'PORT 54', '', '', ''),
(1286, 26, 2, 6, 6, 4, 'FTM-GSK-OA-02', 'PORT 56', '', '', ''),
(1287, 26, 2, 6, 6, 5, 'FTM-GSK-OA-02', 'PORT 58', '', '', ''),
(1288, 26, 2, 6, 6, 6, 'FTM-GSK-OA-02', 'PORT 60', '', '', ''),
(1289, 26, 2, 6, 6, 7, 'FTM-GSK-OA-02', 'PORT 62', '', '', ''),
(1290, 26, 2, 6, 6, 8, 'FTM-GSK-OA-02', 'PORT 64', '', '', ''),
(1291, 26, 2, 6, 6, 9, 'FTM-GSK-OA-02', 'PORT 66', '', '', ''),
(1292, 26, 2, 6, 6, 10, 'FTM-GSK-OA-02', 'PORT 68', '', '', ''),
(1293, 26, 2, 6, 6, 11, 'FTM-GSK-OA-02', 'PORT 70', '', '', ''),
(1294, 26, 2, 6, 6, 12, 'FTM-GSK-OA-02', 'PORT 72', '', '', ''),
(1295, 26, 2, 6, 7, 1, 'FTM-GSK-OA-02', 'PORT 73', 'ODC-GSK-FB', 'CORE - 73', '-'),
(1296, 26, 2, 6, 7, 2, 'FTM-GSK-OA-02', 'PORT 75', 'ODC-GSK-FB', 'CORE - 75', 'EA-01/FTB-06/106'),
(1297, 26, 2, 6, 7, 3, 'FTM-GSK-OA-02', 'PORT 77', 'ODC-GSK-FB', 'CORE - 77', 'EA-01/FTB-03/142'),
(1298, 26, 2, 6, 7, 4, 'FTM-GSK-OA-02', 'PORT 79', 'ODC-GSK-FB', 'CORE - 79', '-'),
(1299, 26, 2, 6, 7, 5, 'FTM-GSK-OA-02', 'PORT 81', 'ODC-GSK-FB', 'CORE - 81', 'EA-01/FTB-03/73'),
(1300, 26, 2, 6, 7, 6, 'FTM-GSK-OA-02', 'PORT 83', 'ODC-GSK-FB', 'CORE - 83', 'EA-01/FTB-05/69'),
(1301, 26, 2, 6, 7, 7, 'FTM-GSK-OA-02', 'PORT 85', 'ODC-GSK-FB', 'CORE - 85', '-'),
(1302, 26, 2, 6, 7, 8, 'FTM-GSK-OA-02', 'PORT 87', 'ODC-GSK-FB', 'CORE - 87', '-'),
(1303, 26, 2, 6, 7, 9, 'FTM-GSK-OA-02', 'PORT 89', 'ODC-GSK-FB', 'CORE - 89', '-'),
(1304, 26, 2, 6, 7, 10, 'FTM-GSK-OA-02', 'PORT 91', 'ODC-GSK-FB', 'CORE - 91', '-'),
(1305, 26, 2, 6, 7, 11, 'FTM-GSK-OA-02', 'PORT 93', 'ODC-GSK-FB', 'CORE - 93', '-'),
(1306, 26, 2, 6, 7, 12, 'FTM-GSK-OA-02', 'PORT 95', 'ODC-GSK-FB', 'CORE - 95', ''),
(1307, 26, 2, 6, 8, 1, 'FTM-GSK-OA-02', 'PORT 74', 'ODC-GSK-FB', 'CORE - 74', 'EA-01/FTB-06/23'),
(1308, 26, 2, 6, 8, 2, 'FTM-GSK-OA-02', 'PORT 76', 'ODC-GSK-FB', 'CORE - 76', 'EA-01/FTB-05/102'),
(1309, 26, 2, 6, 8, 3, 'FTM-GSK-OA-02', 'PORT 78', 'ODC-GSK-FB', 'CORE - 78', 'EA-01/FTB-01/42'),
(1310, 26, 2, 6, 8, 4, 'FTM-GSK-OA-02', 'PORT 80', 'ODC-GSK-FB', 'CORE - 80', 'EA-01/FTB-05/90'),
(1311, 26, 2, 6, 8, 5, 'FTM-GSK-OA-02', 'PORT 82', 'ODC-GSK-FB', 'CORE - 82', 'EA-01/FTB-03/74'),
(1312, 26, 2, 6, 8, 6, 'FTM-GSK-OA-02', 'PORT 84', 'ODC-GSK-FB', 'CORE - 84', '-'),
(1313, 26, 2, 6, 8, 7, 'FTM-GSK-OA-02', 'PORT 86', 'ODC-GSK-FB', 'CORE - 86', '-'),
(1314, 26, 2, 6, 8, 8, 'FTM-GSK-OA-02', 'PORT 88', 'ODC-GSK-FB', 'CORE - 88', '-'),
(1315, 26, 2, 6, 8, 9, 'FTM-GSK-OA-02', 'PORT 90', 'ODC-GSK-FB', 'CORE - 90', '-'),
(1316, 26, 2, 6, 8, 10, 'FTM-GSK-OA-02', 'PORT 92', 'ODC-GSK-FB', 'CORE - 92', '-'),
(1317, 26, 2, 6, 8, 11, 'FTM-GSK-OA-02', 'PORT 94', 'ODC-GSK-FB', 'CORE - 94', '-'),
(1318, 26, 2, 6, 8, 12, 'FTM-GSK-OA-02', 'PORT 96', 'ODC-GSK-FB', 'CORE - 96', '-'),
(1319, 26, 2, 6, 9, 1, 'FTM-GSK-OA-02', 'PORT 97', 'ODC-GSK-FAC', 'CORE - 97', 'EA-01/FTB-04/97'),
(1320, 26, 2, 6, 9, 2, 'FTM-GSK-OA-02', 'PORT 99', 'ODC-GSK-FAC', 'CORE - 99', 'EA-01/FTB-03/102'),
(1321, 26, 2, 6, 9, 3, 'FTM-GSK-OA-02', 'PORT 101', 'ODC-GSK-FAC', 'CORE - 101', 'EA-01/FTB-04/117'),
(1322, 26, 2, 6, 9, 4, 'FTM-GSK-OA-02', 'PORT 103', 'ODC-GSK-FAC', 'CORE - 103', 'EA-01/FTB-04/119'),
(1323, 26, 2, 6, 9, 5, 'FTM-GSK-OA-02', 'PORT 105', 'ODC-GSK-FAC', 'CORE - 105', 'EA-01/FTB-04/121'),
(1324, 26, 2, 6, 9, 6, 'FTM-GSK-OA-02', 'PORT 107', 'ODC-GSK-FAC', 'CORE - 107', 'EA-01/FTB-04/124'),
(1325, 26, 2, 6, 9, 7, 'FTM-GSK-OA-02', 'PORT 109', 'ODC-GSK-FAC', 'CORE - 109', 'EA-01/FTB-04/125'),
(1326, 26, 2, 6, 9, 8, 'FTM-GSK-OA-02', 'PORT 111', 'ODC-GSK-FAC', 'CORE - 111', 'EA-01/FTB-04/127'),
(1327, 26, 2, 6, 9, 9, 'FTM-GSK-OA-02', 'PORT 113', 'ODC-GSK-FAC', 'CORE - 113', 'EA-01/FTB-04/129'),
(1328, 26, 2, 6, 9, 10, 'FTM-GSK-OA-02', 'PORT 115', 'ODC-GSK-FAC', 'CORE - 115', 'EA-01/FTB-04/130'),
(1329, 26, 2, 6, 9, 11, 'FTM-GSK-OA-02', 'PORT 117', 'ODC-GSK-FAC', 'CORE - 117', 'EA-01/FTB-04/133'),
(1330, 26, 2, 6, 9, 12, 'FTM-GSK-OA-02', 'PORT 119', 'ODC-GSK-FAC', 'CORE - 119', 'EA-01/FTB-04/135'),
(1331, 26, 2, 6, 10, 1, 'FTM-GSK-OA-02', 'PORT 98', 'ODC-GSK-FAC', 'CORE - 98', '-'),
(1332, 26, 2, 6, 10, 2, 'FTM-GSK-OA-02', 'PORT 100', 'ODC-GSK-FAC', 'CORE - 100', 'EA-01/FTB-04/116'),
(1333, 26, 2, 6, 10, 3, 'FTM-GSK-OA-02', 'PORT 102', 'ODC-GSK-FAC', 'CORE - 102', '-'),
(1334, 26, 2, 6, 10, 4, 'FTM-GSK-OA-02', 'PORT 104', 'ODC-GSK-FAC', 'CORE - 104', 'EA-01/FTB-04/120'),
(1335, 26, 2, 6, 10, 5, 'FTM-GSK-OA-02', 'PORT 106', 'ODC-GSK-FAC', 'CORE - 106', 'EA-01/FTB-04/122'),
(1336, 26, 2, 6, 10, 6, 'FTM-GSK-OA-02', 'PORT 108', 'ODC-GSK-FAC', 'CORE - 108', 'EA-01/FTB-04/123'),
(1337, 26, 2, 6, 10, 7, 'FTM-GSK-OA-02', 'PORT 110', 'ODC-GSK-FAC', 'CORE - 110', 'EA-01/FTB-04/126'),
(1338, 26, 2, 6, 10, 8, 'FTM-GSK-OA-02', 'PORT 112', 'ODC-GSK-FAC', 'CORE - 112', '-'),
(1339, 26, 2, 6, 10, 9, 'FTM-GSK-OA-02', 'PORT 114', 'ODC-GSK-FAC', 'CORE - 114', 'EA-01/FTB-04/131'),
(1340, 26, 2, 6, 10, 10, 'FTM-GSK-OA-02', 'PORT 116', 'ODC-GSK-FAC', 'CORE - 116', 'EA-01/FTB-04/132'),
(1341, 26, 2, 6, 10, 11, 'FTM-GSK-OA-02', 'PORT 118', 'ODC-GSK-FAC', 'CORE - 118', 'EA-01/FTB-04/134'),
(1342, 26, 2, 6, 10, 12, 'FTM-GSK-OA-02', 'PORT 120', 'ODC-GSK-FAC', 'CORE - 120', 'EA-01/FTB-04/136'),
(1343, 26, 2, 6, 11, 1, 'FTM-GSK-OA-02', 'PORT 121', 'ODC-GSK-FAC', 'CORE - 121', 'EA-01/FTB-04/137'),
(1344, 26, 2, 6, 11, 2, 'FTM-GSK-OA-02', 'PORT 123', 'ODC-GSK-FAC', 'CORE - 123', 'EA-01/FTB-04/139'),
(1345, 26, 2, 6, 11, 3, 'FTM-GSK-OA-02', 'PORT 125', 'ODC-GSK-FAC', 'CORE - 125', 'EA-01/FTB-04/141'),
(1346, 26, 2, 6, 11, 4, 'FTM-GSK-OA-02', 'PORT 127', 'ODC-GSK-FAC', 'CORE - 127', 'EA-01/FTB-04/143'),
(1347, 26, 2, 6, 11, 5, 'FTM-GSK-OA-02', 'PORT 129', 'ODC-GSK-FAC', 'CORE - 129', 'EA-01/FTB-06/53'),
(1348, 26, 2, 6, 11, 6, 'FTM-GSK-OA-02', 'PORT 131', 'ODC-GSK-FAC', 'CORE - 131', 'EA-01/FTB-06/01'),
(1349, 26, 2, 6, 11, 7, 'FTM-GSK-OA-02', 'PORT 133', 'ODC-GSK-FAC', 'CORE - 133', 'EA-01/FTB-06/54'),
(1350, 26, 2, 6, 11, 8, 'FTM-GSK-OA-02', 'PORT 135', 'ODC-GSK-FAC', 'CORE - 135', '-'),
(1351, 26, 2, 6, 11, 9, 'FTM-GSK-OA-02', 'PORT 137', 'ODC-GSK-FAC', 'CORE - 137', 'EA-01/FTB-04/12'),
(1352, 26, 2, 6, 11, 10, 'FTM-GSK-OA-02', 'PORT 139', 'ODC-GSK-FAC', 'CORE - 139', '-'),
(1353, 26, 2, 6, 11, 11, 'FTM-GSK-OA-02', 'PORT 141', 'ODC-GSK-FAC', 'CORE - 141', '-'),
(1354, 26, 2, 6, 11, 12, 'FTM-GSK-OA-02', 'PORT 143', 'ODC-GSK-FAC', 'CORE - 143', '-'),
(1355, 26, 2, 6, 12, 1, 'FTM-GSK-OA-02', 'PORT 122', 'ODC-GSK-FAC', 'CORE - 122', '-'),
(1356, 26, 2, 6, 12, 2, 'FTM-GSK-OA-02', 'PORT 124', 'ODC-GSK-FAC', 'CORE - 124', 'EA-01/FTB-04/140'),
(1357, 26, 2, 6, 12, 3, 'FTM-GSK-OA-02', 'PORT 126', 'ODC-GSK-FAC', 'CORE - 126', 'EA-01/FTB-04/142'),
(1358, 26, 2, 6, 12, 4, 'FTM-GSK-OA-02', 'PORT 128', 'ODC-GSK-FAC', 'CORE - 128', '-'),
(1359, 26, 2, 6, 12, 5, 'FTM-GSK-OA-02', 'PORT 130', 'ODC-GSK-FAC', 'CORE - 130', 'EA-01/FTB-03/106'),
(1360, 26, 2, 6, 12, 6, 'FTM-GSK-OA-02', 'PORT 132', 'ODC-GSK-FAC', 'CORE - 132', '-'),
(1361, 26, 2, 6, 12, 7, 'FTM-GSK-OA-02', 'PORT 134', 'ODC-GSK-FAC', 'CORE - 134', '-'),
(1362, 26, 2, 6, 12, 8, 'FTM-GSK-OA-02', 'PORT 136', 'ODC-GSK-FAC', 'CORE - 136', 'EA-01/FTB-04/128\r\nEA-01/F'),
(1363, 26, 2, 6, 12, 9, 'FTM-GSK-OA-02', 'PORT 138', 'ODC-GSK-FAC', 'CORE - 138', '-'),
(1364, 26, 2, 6, 12, 10, 'FTM-GSK-OA-02', 'PORT 140', 'ODC-GSK-FAC', 'CORE - 140', '-'),
(1365, 26, 2, 6, 12, 11, 'FTM-GSK-OA-02', 'PORT 142', 'ODC-GSK-FAC', 'CORE - 142', '-'),
(1366, 26, 2, 6, 12, 12, 'FTM-GSK-OA-02', 'PORT 144', 'ODC-GSK-FAC', 'CORE - 144', 'EA-01/FTB-04/114\r\nEA-01/F'),
(1367, 26, 2, 7, 1, 1, 'FTM-GSK-OA-02', 'PORT 01', 'ODC-GSK-FX', 'CORE - 01', 'EA-01/FTB-01/01'),
(1368, 26, 2, 7, 1, 2, 'FTM-GSK-OA-02', 'PORT 02', 'ODC-GSK-FX', 'CORE - 02', 'EA-01/FTB-01/82'),
(1369, 26, 2, 7, 1, 3, 'FTM-GSK-OA-02', 'PORT 03', 'ODC-GSK-FX', 'CORE - 03', 'EA-01/FTB-01/83'),
(1370, 26, 2, 7, 1, 4, 'FTM-GSK-OA-02', 'PORT 04', 'ODC-GSK-FX', 'CORE - 04', 'EA-01/FTB-01/85'),
(1371, 26, 2, 7, 1, 5, 'FTM-GSK-OA-02', 'PORT 05', 'ODC-GSK-FX', 'CORE - 05', 'EA-01/FTB-01/86'),
(1372, 26, 2, 7, 1, 6, 'FTM-GSK-OA-02', 'PORT 06', 'ODC-GSK-FX', 'CORE - 06', 'EA-01/FTB-03/130'),
(1373, 26, 2, 7, 1, 7, 'FTM-GSK-OA-02', 'PORT 07', 'ODC-GSK-FX', 'CORE - 07', 'EA-01/FTB-01/88'),
(1374, 26, 2, 7, 1, 8, 'FTM-GSK-OA-02', 'PORT 08', 'ODC-GSK-FX', 'CORE - 08', '-'),
(1375, 26, 2, 7, 1, 9, 'FTM-GSK-OA-02', 'PORT 09', 'ODC-GSK-FX', 'CORE - 09', 'EA-01/FTB-01/90'),
(1376, 26, 2, 7, 1, 10, 'FTM-GSK-OA-02', 'PORT 10', 'ODC-GSK-FX', 'CORE - 10', 'EA-01/FTB-04/30'),
(1377, 26, 2, 7, 1, 11, 'FTM-GSK-OA-02', 'PORT 11', 'ODC-GSK-FX', 'CORE - 11', 'EA-01/FTB-06/19'),
(1378, 26, 2, 7, 1, 12, 'FTM-GSK-OA-02', 'PORT 12', 'ODC-GSK-FX', 'CORE - 12', 'EA-01/FTB-01/89'),
(1379, 26, 2, 7, 2, 1, 'FTM-GSK-OA-02', 'PORT 13', 'ODC-GSK-FX', 'CORE - 13', 'EA-01/FTB-03/131'),
(1380, 26, 2, 7, 2, 2, 'FTM-GSK-OA-02', 'PORT 14', 'ODC-GSK-FX', 'CORE - 14', 'EA-01/FTB-04/37'),
(1381, 26, 2, 7, 2, 3, 'FTM-GSK-OA-02', 'PORT 15', 'ODC-GSK-FX', 'CORE - 15', 'EA-01/FTB-04/38'),
(1382, 26, 2, 7, 2, 4, 'FTM-GSK-OA-02', 'PORT 16', 'ODC-GSK-FX', 'CORE - 16', 'EA-01/FTB-04/39'),
(1383, 26, 2, 7, 2, 5, 'FTM-GSK-OA-02', 'PORT 17', 'ODC-GSK-FX', 'CORE - 17', 'EA-01/FTB-04/29'),
(1384, 26, 2, 7, 2, 6, 'FTM-GSK-OA-02', 'PORT 18', 'ODC-GSK-FX', 'CORE - 18', '-'),
(1385, 26, 2, 7, 2, 7, 'FTM-GSK-OA-02', 'PORT 19', 'ODC-GSK-FX', 'CORE - 19', 'EA-01/FTB-05/43'),
(1386, 26, 2, 7, 2, 8, 'FTM-GSK-OA-02', 'PORT 20', 'ODC-GSK-FX', 'CORE - 20', '-'),
(1387, 26, 2, 7, 2, 9, 'FTM-GSK-OA-02', 'PORT 21', 'ODC-GSK-FX', 'CORE - 21', 'EA-01/FTB-01/92'),
(1388, 26, 2, 7, 2, 10, 'FTM-GSK-OA-02', 'PORT 22', 'ODC-GSK-FX', 'CORE - 22', 'EA-01/FTB-05/114'),
(1389, 26, 2, 7, 2, 11, 'FTM-GSK-OA-02', 'PORT 23', 'ODC-GSK-FX', 'CORE - 23', 'EA-01/FTB-06/67'),
(1390, 26, 2, 7, 2, 12, 'FTM-GSK-OA-02', 'PORT 24', 'ODC-GSK-FX', 'CORE - 24', 'EA-01/FTB-05/111'),
(1391, 26, 2, 7, 3, 1, 'FTM-GSK-OA-02', 'PORT 25', 'ODC-GSK-FX', 'CORE - 25', '-'),
(1392, 26, 2, 7, 3, 2, 'FTM-GSK-OA-02', 'PORT 26', 'ODC-GSK-FX', 'CORE - 26', '-'),
(1393, 26, 2, 7, 3, 3, 'FTM-GSK-OA-02', 'PORT 27', 'ODC-GSK-FX', 'CORE - 27', '-'),
(1394, 26, 2, 7, 3, 4, 'FTM-GSK-OA-02', 'PORT 28', 'ODC-GSK-FX', 'CORE - 28', '-'),
(1395, 26, 2, 7, 3, 5, 'FTM-GSK-OA-02', 'PORT 29', 'ODC-GSK-FX', 'CORE - 29', 'EA-01/FTB-03/45'),
(1396, 26, 2, 7, 3, 6, 'FTM-GSK-OA-02', 'PORT 30', 'ODC-GSK-FX', 'CORE - 30', 'EA-01/FTB-03/47'),
(1397, 26, 2, 7, 3, 7, 'FTM-GSK-OA-02', 'PORT 31', 'ODC-GSK-FX', 'CORE - 31', 'EA-01/FTB-06/108'),
(1398, 26, 2, 7, 3, 8, 'FTM-GSK-OA-02', 'PORT 32', 'ODC-GSK-FX', 'CORE - 32', 'EA-01/FTB-05/116\r\nEA-01/F'),
(1399, 26, 2, 7, 3, 9, 'FTM-GSK-OA-02', 'PORT 33', 'ODC-GSK-FX', 'CORE - 33', 'EA-01/FTB-06/112'),
(1400, 26, 2, 7, 3, 10, 'FTM-GSK-OA-02', 'PORT 34', 'ODC-GSK-FX', 'CORE - 34', 'EA-01/FTB-04/55'),
(1401, 26, 2, 7, 3, 11, 'FTM-GSK-OA-02', 'PORT 35', 'ODC-GSK-FX', 'CORE - 35', '-'),
(1402, 26, 2, 7, 3, 12, 'FTM-GSK-OA-02', 'PORT 36', 'ODC-GSK-FX', 'CORE - 36', '-'),
(1403, 26, 2, 7, 4, 1, 'FTM-GSK-OA-02', 'PORT 37', 'ODC-GSK-FX', 'CORE - 37', '-'),
(1404, 26, 2, 7, 4, 2, 'FTM-GSK-OA-02', 'PORT 38', 'ODC-GSK-FX', 'CORE - 38', '-'),
(1405, 26, 2, 7, 4, 3, 'FTM-GSK-OA-02', 'PORT 39', 'ODC-GSK-FX', 'CORE - 39', '-'),
(1406, 26, 2, 7, 4, 4, 'FTM-GSK-OA-02', 'PORT 40', 'ODC-GSK-FX', 'CORE - 40', '-'),
(1407, 26, 2, 7, 4, 5, 'FTM-GSK-OA-02', 'PORT 41', 'ODC-GSK-FX', 'CORE - 41', '-'),
(1408, 26, 2, 7, 4, 6, 'FTM-GSK-OA-02', 'PORT 42', 'ODC-GSK-FX', 'CORE - 42', '-'),
(1409, 26, 2, 7, 4, 7, 'FTM-GSK-OA-02', 'PORT 43', 'ODC-GSK-FX', 'CORE - 43', 'EA-01/FTB-04/95'),
(1410, 26, 2, 7, 4, 8, 'FTM-GSK-OA-02', 'PORT 44', 'ODC-GSK-FX', 'CORE - 44', '-'),
(1411, 26, 2, 7, 4, 9, 'FTM-GSK-OA-02', 'PORT 45', 'ODC-GSK-FX', 'CORE - 45', '-'),
(1412, 26, 2, 7, 4, 10, 'FTM-GSK-OA-02', 'PORT 46', 'ODC-GSK-FX', 'CORE - 46', '-'),
(1413, 26, 2, 7, 4, 11, 'FTM-GSK-OA-02', 'PORT 47', 'ODC-GSK-FX', 'CORE - 47', '-'),
(1414, 26, 2, 7, 4, 12, 'FTM-GSK-OA-02', 'PORT 48', 'ODC-GSK-FX', 'CORE - 48', '-'),
(1415, 26, 2, 7, 5, 1, 'FTM-GSK-OA-02', 'PORT 49', 'ODC-GSK-FY', 'CORE - 49', '-'),
(1416, 26, 2, 7, 5, 2, 'FTM-GSK-OA-02', 'PORT 50', 'ODC-GSK-FY', 'CORE - 50', 'EA-01/FTB-05/75'),
(1417, 26, 2, 7, 5, 3, 'FTM-GSK-OA-02', 'PORT 51', 'ODC-GSK-FY', 'CORE - 51', '-'),
(1418, 26, 2, 7, 5, 4, 'FTM-GSK-OA-02', 'PORT 52', 'ODC-GSK-FY', 'CORE - 52', '-'),
(1419, 26, 2, 7, 5, 5, 'FTM-GSK-OA-02', 'PORT 53', 'ODC-GSK-FY', 'CORE - 53', '-'),
(1420, 26, 2, 7, 5, 6, 'FTM-GSK-OA-02', 'PORT 54', 'ODC-GSK-FY', 'CORE - 54', '-'),
(1421, 26, 2, 7, 5, 7, 'FTM-GSK-OA-02', 'PORT 55', 'ODC-GSK-FY', 'CORE - 55', '-'),
(1422, 26, 2, 7, 5, 8, 'FTM-GSK-OA-02', 'PORT 56', 'ODC-GSK-FY', 'CORE - 56', '-'),
(1423, 26, 2, 7, 5, 9, 'FTM-GSK-OA-02', 'PORT 57', 'ODC-GSK-FY', 'CORE - 57', '-'),
(1424, 26, 2, 7, 5, 10, 'FTM-GSK-OA-02', 'PORT 58', 'ODC-GSK-FY', 'CORE - 58', '-'),
(1425, 26, 2, 7, 5, 11, 'FTM-GSK-OA-02', 'PORT 59', 'ODC-GSK-FY', 'CORE - 59', '-'),
(1426, 26, 2, 7, 5, 12, 'FTM-GSK-OA-02', 'PORT 60', 'ODC-GSK-FY', 'CORE - 60', '-'),
(1427, 26, 2, 7, 6, 1, 'FTM-GSK-OA-02', 'PORT 61', 'ODC-GSK-FY', 'CORE - 61', 'EA-01/FTB-04/77'),
(1428, 26, 2, 7, 6, 2, 'FTM-GSK-OA-02', 'PORT 62', 'ODC-GSK-FY', 'CORE - 62', 'EA-01/FTB-02/137'),
(1429, 26, 2, 7, 6, 3, 'FTM-GSK-OA-02', 'PORT 63', 'ODC-GSK-FY', 'CORE - 63', 'EA-01/FTB-03/80'),
(1430, 26, 2, 7, 6, 4, 'FTM-GSK-OA-02', 'PORT 64', 'ODC-GSK-FY', 'CORE - 64', '-'),
(1431, 26, 2, 7, 6, 5, 'FTM-GSK-OA-02', 'PORT 65', 'ODC-GSK-FY', 'CORE - 65', '-'),
(1432, 26, 2, 7, 6, 6, 'FTM-GSK-OA-02', 'PORT 66', 'ODC-GSK-FY', 'CORE - 66', 'EA-01/FTB-02/136'),
(1433, 26, 2, 7, 6, 7, 'FTM-GSK-OA-02', 'PORT 67', 'ODC-GSK-FY', 'CORE - 67', '-'),
(1434, 26, 2, 7, 6, 8, 'FTM-GSK-OA-02', 'PORT 68', 'ODC-GSK-FY', 'CORE - 68', 'EA-01/FTB-02/138'),
(1435, 26, 2, 7, 6, 9, 'FTM-GSK-OA-02', 'PORT 69', 'ODC-GSK-FY', 'CORE - 69', 'EA-01/FTB-02/139'),
(1436, 26, 2, 7, 6, 10, 'FTM-GSK-OA-02', 'PORT 70', 'ODC-GSK-FY', 'CORE - 70', 'EA-01/FTB-02/140'),
(1437, 26, 2, 7, 6, 11, 'FTM-GSK-OA-02', 'PORT 71', 'ODC-GSK-FY', 'CORE - 71', '-'),
(1438, 26, 2, 7, 6, 12, 'FTM-GSK-OA-02', 'PORT 72', 'ODC-GSK-FY', 'CORE - 72', 'EA-01/FTB-02/142'),
(1439, 26, 2, 7, 7, 1, 'FTM-GSK-OA-02', 'PORT 73', 'ODC-GSK-FY', 'CORE - 73', 'EA-01/FTB-02/143'),
(1440, 26, 2, 7, 7, 2, 'FTM-GSK-OA-02', 'PORT 74', 'ODC-GSK-FY', 'CORE - 74', 'EA-01/FTB-02/144'),
(1441, 26, 2, 7, 7, 3, 'FTM-GSK-OA-02', 'PORT 75', 'ODC-GSK-FY', 'CORE - 75', '-'),
(1442, 26, 2, 7, 7, 4, 'FTM-GSK-OA-02', 'PORT 76', 'ODC-GSK-FY', 'CORE - 76', 'EA-01/FTB-02/112'),
(1443, 26, 2, 7, 7, 5, 'FTM-GSK-OA-02', 'PORT 77', 'ODC-GSK-FY', 'CORE - 77', 'EA-01/FTB-02/115'),
(1444, 26, 2, 7, 7, 6, 'FTM-GSK-OA-02', 'PORT 78', 'ODC-GSK-FY', 'CORE - 78', 'EA-01/FTB-02/89'),
(1445, 26, 2, 7, 7, 7, 'FTM-GSK-OA-02', 'PORT 79', 'ODC-GSK-FY', 'CORE - 79', '-'),
(1446, 26, 2, 7, 7, 8, 'FTM-GSK-OA-02', 'PORT 80', 'ODC-GSK-FY', 'CORE - 80', 'EA-01/FTB-06/64'),
(1447, 26, 2, 7, 7, 9, 'FTM-GSK-OA-02', 'PORT 81', 'ODC-GSK-FY', 'CORE - 81', 'EA-01/FTB-02/79'),
(1448, 26, 2, 7, 7, 10, 'FTM-GSK-OA-02', 'PORT 82', 'ODC-GSK-FY', 'CORE - 82', 'EA-01/FTB-05/74'),
(1449, 26, 2, 7, 7, 11, 'FTM-GSK-OA-02', 'PORT 83', 'ODC-GSK-FY', 'CORE - 83', '-'),
(1450, 26, 2, 7, 7, 12, 'FTM-GSK-OA-02', 'PORT 84', 'ODC-GSK-FY', 'CORE - 84', 'EA-01/FTB-05/73'),
(1451, 26, 2, 7, 8, 1, 'FTM-GSK-OA-02', 'PORT 85', 'ODC-GSK-FY', 'CORE - 85', 'EA-01/FTB-05/76'),
(1452, 26, 2, 7, 8, 2, 'FTM-GSK-OA-02', 'PORT 86', 'ODC-GSK-FY', 'CORE - 86', 'EA-01/FTB-05/77'),
(1453, 26, 2, 7, 8, 3, 'FTM-GSK-OA-02', 'PORT 87', 'ODC-GSK-FY', 'CORE - 87', 'EA-01/FTB-05/78'),
(1454, 26, 2, 7, 8, 4, 'FTM-GSK-OA-02', 'PORT 88', 'ODC-GSK-FY', 'CORE - 88', 'EA-01/FTB-05/79'),
(1455, 26, 2, 7, 8, 5, 'FTM-GSK-OA-02', 'PORT 89', 'ODC-GSK-FY', 'CORE - 89', 'EA-01/FTB-05/80'),
(1456, 26, 2, 7, 8, 6, 'FTM-GSK-OA-02', 'PORT 90', 'ODC-GSK-FY', 'CORE - 90', '-'),
(1457, 26, 2, 7, 8, 7, 'FTM-GSK-OA-02', 'PORT 91', 'ODC-GSK-FY', 'CORE - 91', 'EA-01/FTB-05/81'),
(1458, 26, 2, 7, 8, 8, 'FTM-GSK-OA-02', 'PORT 92', 'ODC-GSK-FY', 'CORE - 92', '-'),
(1459, 26, 2, 7, 8, 9, 'FTM-GSK-OA-02', 'PORT 93', 'ODC-GSK-FY', 'CORE - 93', 'EA-01/FTB-05/82'),
(1460, 26, 2, 7, 8, 10, 'FTM-GSK-OA-02', 'PORT 94', 'ODC-GSK-FY', 'CORE - 94', 'EA-01/FTB-05/83'),
(1461, 26, 2, 7, 8, 11, 'FTM-GSK-OA-02', 'PORT 95', 'ODC-GSK-FY', 'CORE - 95', '-'),
(1462, 26, 2, 7, 8, 12, 'FTM-GSK-OA-02', 'PORT 96', 'ODC-GSK-FY', 'CORE - 96', '-'),
(1466, 35, 1, 1, 1, 1, 'FTM-LKS-OA-01', 'PORT 01', 'ODC-LKS-FBK', 'CORE - 01', 'EA-01/FTB-01/65a');

-- --------------------------------------------------------

--
-- Table structure for table `tb_olt`
--

CREATE TABLE `tb_olt` (
  `id` int(5) NOT NULL,
  `id_olt` int(3) NOT NULL,
  `id_num` int(3) NOT NULL,
  `id_col` int(3) NOT NULL,
  `id_row` int(3) NOT NULL,
  `port` varchar(10) NOT NULL,
  `ftm` varchar(25) NOT NULL
) ENGINE=InnoDB DEFAULT CHARSET=latin1;

--
-- Dumping data for table `tb_olt`
--

INSERT INTO `tb_olt` (`id`, `id_olt`, `id_num`, `id_col`, `id_row`, `port`, `ftm`) VALUES
(1, 2, 0, 1, 1, 'PORT 1', '-'),
(2, 2, 0, 2, 1, 'PORT 1', '-'),
(3, 2, 0, 3, 1, 'PORT 1', '-'),
(4, 2, 0, 4, 1, 'PORT 1', '-'),
(5, 2, 0, 5, 1, 'PORT 1', 'EA-01/FTB-01/41'),
(6, 2, 0, 6, 1, 'PORT 1', 'ftm'),
(7, 2, 0, 7, 1, 'PORT 1', '-'),
(8, 2, 0, 8, 1, 'PORT 1', '-'),
(9, 2, 0, 9, 1, 'PORT 1', 'EA-01/FTB-05/33'),
(10, 2, 0, 10, 1, 'PORT 1', 'EA-01/FTB-05/49'),
(11, 2, 0, 11, 1, 'PORT 1', '-'),
(12, 2, 0, 12, 1, 'PORT 1', 'EA-01/FTB-05/65'),
(13, 2, 0, 13, 1, 'PORT 1', '-'),
(14, 2, 0, 14, 1, 'PORT 1', 'EA-01/FTB-04/97'),
(15, 2, 0, 1, 2, 'PORT 2', '-'),
(16, 2, 0, 2, 2, 'PORT 2', '-'),
(17, 2, 0, 3, 2, 'PORT 2', '-'),
(18, 2, 0, 4, 2, 'PORT 2', '-'),
(19, 2, 0, 5, 2, 'PORT 2', '-'),
(20, 2, 0, 6, 2, 'PORT 2', '-'),
(21, 2, 0, 7, 2, 'PORT 2', '-'),
(22, 2, 0, 8, 2, 'PORT 2', '-'),
(23, 2, 0, 9, 2, 'PORT 2', 'EA-01/FTB-05/34'),
(24, 2, 0, 10, 2, 'PORT 2', 'EA-01/FTB-05/50'),
(25, 2, 0, 11, 2, 'PORT 2', '-'),
(26, 2, 0, 12, 2, 'PORT 2', 'EA-01/FTB-05/66'),
(27, 2, 0, 13, 2, 'PORT 2', 'EA-01/FTB-01/25'),
(28, 2, 0, 14, 2, 'PORT 2', 'EA-01/FTB-04/98'),
(29, 2, 0, 1, 3, 'PORT 3', '-'),
(30, 2, 0, 2, 3, 'PORT 3', '-'),
(31, 2, 0, 3, 3, 'PORT 3', '-'),
(32, 2, 0, 4, 3, 'PORT 3', '-'),
(33, 2, 0, 5, 3, 'PORT 3', '-'),
(34, 2, 0, 6, 3, 'PORT 3', '-'),
(35, 2, 0, 7, 3, 'PORT 3', '-'),
(36, 2, 0, 8, 3, 'PORT 3', '-'),
(37, 2, 0, 9, 3, 'PORT 3', 'EA-01/FTB-05/35'),
(38, 2, 0, 10, 3, 'PORT 3', '-'),
(39, 2, 0, 11, 3, 'PORT 3', '-'),
(40, 2, 0, 12, 3, 'PORT 3', 'EA-01/FTB-05/67'),
(41, 2, 0, 13, 3, 'PORT 3', '-'),
(42, 2, 0, 14, 3, 'PORT 3', 'EA-01/FTB-04/99'),
(43, 2, 0, 1, 4, 'PORT 4', '-'),
(44, 2, 0, 2, 4, 'PORT 4', '-'),
(45, 2, 0, 3, 4, 'PORT 4', '-'),
(46, 2, 0, 4, 4, 'PORT 4', '-'),
(47, 2, 0, 5, 4, 'PORT 4', '-'),
(48, 2, 0, 6, 4, 'PORT 4', '-'),
(49, 2, 0, 7, 4, 'PORT 4', '-'),
(50, 2, 0, 8, 4, 'PORT 4', '-'),
(51, 2, 0, 9, 4, 'PORT 4', 'EA-01/FTB-05/36'),
(52, 2, 0, 10, 4, 'PORT 4', 'EA-01/FTB-05/51'),
(53, 2, 0, 11, 4, 'PORT 4', '-'),
(54, 2, 0, 12, 4, 'PORT 4', '-'),
(55, 2, 0, 13, 4, 'PORT 4', 'EA-01/FTB-01/27'),
(56, 2, 0, 14, 4, 'PORT 4', 'EA-01/FTB-04/100'),
(57, 2, 0, 1, 5, 'PORT 5', '-'),
(58, 2, 0, 2, 5, 'PORT 5', '-'),
(59, 2, 0, 3, 5, 'PORT 5', '-'),
(60, 2, 0, 4, 5, 'PORT 5', '-'),
(61, 2, 0, 5, 5, 'PORT 5', '-'),
(62, 2, 0, 6, 5, 'PORT 5', '-'),
(63, 2, 0, 7, 5, 'PORT 5', '-'),
(64, 2, 0, 8, 5, 'PORT 5', '-'),
(65, 2, 0, 9, 5, 'PORT 5', 'EA-01/FTB-05/37'),
(66, 2, 0, 10, 5, 'PORT 5', 'EA-01/FTB-05/52'),
(67, 2, 0, 11, 5, 'PORT 5', '-'),
(68, 2, 0, 12, 5, 'PORT 5', 'EA-01/FTB-05/69'),
(69, 2, 0, 13, 5, 'PORT 5', '-'),
(70, 2, 0, 14, 5, 'PORT 5', 'EA-01/FTB-04/101'),
(71, 2, 0, 1, 6, 'PORT 6', '-'),
(72, 2, 0, 2, 6, 'PORT 6', '-'),
(73, 2, 0, 3, 6, 'PORT 6', '-'),
(74, 2, 0, 4, 6, 'PORT 6', '-'),
(75, 2, 0, 5, 6, 'PORT 6', '-'),
(76, 2, 0, 6, 6, 'PORT 6', '-'),
(77, 2, 0, 7, 6, 'PORT 6', '-'),
(78, 2, 0, 8, 6, 'PORT 6', '-'),
(79, 2, 0, 9, 6, 'PORT 6', 'EA-01/FTB-05/38'),
(80, 2, 0, 10, 6, 'PORT 6', 'EA-01/FTB-05/53'),
(81, 2, 0, 11, 6, 'PORT 6', '-'),
(82, 2, 0, 12, 6, 'PORT 6', 'EA-01/FTB-01/39'),
(83, 2, 0, 13, 6, 'PORT 6', 'EA-01/FTB-01/29'),
(84, 2, 0, 14, 6, 'PORT 6', 'EA-01/FTB-04/102'),
(85, 2, 0, 1, 7, 'PORT 7', '-'),
(86, 2, 0, 2, 7, 'PORT 7', '-'),
(87, 2, 0, 3, 7, 'PORT 7', '-'),
(88, 2, 0, 4, 7, 'PORT 7', 'EA-01/FTB-01/40'),
(89, 2, 0, 5, 7, 'PORT 7', '-'),
(90, 2, 0, 6, 7, 'PORT 7', '-'),
(91, 2, 0, 7, 7, 'PORT 7', '-'),
(92, 2, 0, 8, 7, 'PORT 7', '-'),
(93, 2, 0, 9, 7, 'PORT 7', 'EA-01/FTB-05/39'),
(94, 2, 0, 10, 7, 'PORT 7', 'EA-01/FTB-05/54'),
(95, 2, 0, 11, 7, 'PORT 7', '-'),
(96, 2, 0, 12, 7, 'PORT 7', 'EA-01/FTB-05/71'),
(97, 2, 0, 13, 7, 'PORT 7', 'EA-01/FTB-01/30'),
(98, 2, 0, 14, 7, 'PORT 7', 'EA-01/FTB-04/103'),
(99, 2, 0, 1, 8, 'PORT 8', '-'),
(100, 2, 0, 2, 8, 'PORT 8', 'EA-01/FTB-04/25'),
(101, 2, 0, 3, 8, 'PORT 8', '-'),
(102, 2, 0, 4, 8, 'PORT 8', '-'),
(103, 2, 0, 5, 8, 'PORT 8', '-'),
(104, 2, 0, 6, 8, 'PORT 8', '-'),
(105, 2, 0, 7, 8, 'PORT 8', '-'),
(106, 2, 0, 8, 8, 'PORT 8', '-'),
(107, 2, 0, 9, 8, 'PORT 8', 'EA-01/FTB-05/40'),
(108, 2, 0, 10, 8, 'PORT 8', 'EA-01/FTB-05/55'),
(109, 2, 0, 11, 8, 'PORT 8', 'EA-01/FTB-04/105'),
(110, 2, 0, 12, 8, 'PORT 8', 'EA-01/FTB-05/72'),
(111, 2, 0, 13, 8, 'PORT 8', 'EA-01/FTB-01/31'),
(112, 2, 0, 14, 8, 'PORT 8', 'EA-01/FTB-04/104'),
(119, 2, 0, 1, 9, '', ''),
(120, 2, 0, 2, 9, '', ''),
(121, 2, 0, 3, 9, '', ''),
(122, 2, 0, 4, 9, '', ''),
(123, 2, 0, 5, 9, '', ''),
(124, 2, 0, 6, 9, '', ''),
(125, 2, 0, 7, 9, '', ''),
(126, 2, 0, 8, 9, '', ''),
(127, 2, 0, 9, 9, 'PORT 9', 'EA-01/FTB-05/41'),
(128, 2, 0, 10, 9, 'PORT 9', 'EA-01/FTB-05/56'),
(129, 2, 0, 11, 9, 'PORT 9', 'EA-01/FTB-01/72'),
(130, 2, 0, 12, 9, 'PORT 9', 'EA-01/FTB-05/89'),
(131, 2, 0, 13, 9, 'PORT 9', '-'),
(132, 2, 0, 14, 9, 'PORT 9', '-'),
(134, 2, 0, 1, 10, '', ''),
(135, 2, 0, 2, 10, '', ''),
(136, 2, 0, 3, 10, '', ''),
(137, 2, 0, 4, 10, '', ''),
(138, 2, 0, 5, 10, '', ''),
(139, 2, 0, 6, 10, '', ''),
(140, 2, 0, 7, 10, '', ''),
(141, 2, 0, 8, 10, '', ''),
(142, 2, 0, 9, 10, 'PORT 10', 'EA-01/FTB-05/42'),
(143, 2, 0, 10, 10, 'PORT 10', 'EA-01/FTB-05/57'),
(144, 2, 0, 11, 10, 'PORT 10', 'EA-01/FTB-01/65'),
(145, 2, 0, 12, 10, 'PORT 10', 'EA-01/FTB-05/90'),
(146, 2, 0, 13, 10, 'PORT 10', 'EA-01/FTB-01/32'),
(147, 2, 0, 14, 10, 'PORT 10', 'EA-01/FTB-04/106'),
(148, 2, 0, 1, 11, '', ''),
(149, 2, 0, 2, 11, '', ''),
(150, 2, 0, 3, 11, '', ''),
(151, 2, 0, 4, 11, '', ''),
(152, 2, 0, 5, 11, '', ''),
(153, 2, 0, 6, 11, '', ''),
(154, 2, 0, 7, 11, '', ''),
(155, 2, 0, 8, 11, '', ''),
(156, 2, 0, 9, 11, 'PORT 11', 'EA-01/FTB-05/43'),
(157, 2, 0, 10, 11, 'PORT 11', 'EA-01/FTB-05/58'),
(158, 2, 0, 11, 11, 'PORT 11', 'EA-01/FTB-01/66'),
(159, 2, 0, 12, 11, 'PORT 11', 'EA-01/FTB-01/26'),
(160, 2, 0, 13, 11, 'PORT 11', 'EA-01/FTB-01/33'),
(161, 2, 0, 14, 11, 'PORT 11', 'EA-01/FTB-04/107'),
(162, 2, 0, 1, 12, '', ''),
(163, 2, 0, 2, 12, '', ''),
(164, 2, 0, 3, 12, '', ''),
(165, 2, 0, 4, 12, '', ''),
(166, 2, 0, 5, 12, '', ''),
(167, 2, 0, 6, 12, '', ''),
(168, 2, 0, 7, 12, '', ''),
(169, 2, 0, 8, 12, '', ''),
(170, 2, 0, 9, 12, 'PORT 12', 'EA-01/FTB-05/44'),
(171, 2, 0, 10, 12, 'PORT 12', 'EA-01/FTB-05/59'),
(172, 2, 0, 11, 12, 'PORT 12', 'EA-01/FTB-01/67'),
(173, 2, 0, 12, 12, 'PORT 12', 'EA-01/FTB-05/92'),
(174, 2, 0, 13, 12, 'PORT 12', 'EA-01/FTB-01/34'),
(175, 2, 0, 14, 12, 'PORT 12', 'EA-01/FTB-04/108'),
(176, 2, 0, 1, 13, '', ''),
(177, 2, 0, 2, 13, '', ''),
(178, 2, 0, 3, 13, '', ''),
(179, 2, 0, 4, 13, '', ''),
(180, 2, 0, 5, 13, '', ''),
(181, 2, 0, 6, 13, '', ''),
(182, 2, 0, 7, 13, '', ''),
(183, 2, 0, 8, 13, '', ''),
(184, 2, 0, 9, 13, 'PORT 13', 'EA-01/FTB-05/45'),
(185, 2, 0, 10, 13, 'PORT 13', 'EA-01/FTB-05/60'),
(186, 2, 0, 11, 13, 'PORT 13', 'EA-01/FTB-01/68'),
(187, 2, 0, 12, 13, 'PORT 13', '-'),
(188, 2, 0, 13, 13, 'PORT 13', 'EA-01/FTB-01/35'),
(189, 2, 0, 14, 13, 'PORT 13', 'EA-01/FTB-04/109'),
(190, 2, 0, 1, 14, '', ''),
(191, 2, 0, 2, 14, '', ''),
(192, 2, 0, 3, 14, '', ''),
(193, 2, 0, 4, 14, '', ''),
(194, 2, 0, 5, 14, '', ''),
(195, 2, 0, 6, 14, '', ''),
(196, 2, 0, 7, 14, '', ''),
(197, 2, 0, 8, 14, '', ''),
(198, 2, 0, 9, 14, 'PORT 14', 'EA-01/FTB-05/46'),
(199, 2, 0, 10, 14, 'PORT 14', 'EA-01/FTB-05/61'),
(200, 2, 0, 11, 14, 'PORT 14', 'EA-01/FTB-01/69'),
(201, 2, 0, 12, 14, 'PORT 14', 'EA-01/FTB-05/94'),
(202, 2, 0, 13, 14, 'PORT 14', 'EA-01/FTB-01/36'),
(203, 2, 0, 14, 14, 'PORT 14', 'EA-01/FTB-04/110'),
(204, 2, 0, 1, 15, '', ''),
(205, 2, 0, 2, 15, '', ''),
(206, 2, 0, 3, 15, '', ''),
(207, 2, 0, 4, 15, '', ''),
(208, 2, 0, 5, 15, '', ''),
(209, 2, 0, 6, 15, '', ''),
(210, 2, 0, 7, 15, '', ''),
(211, 2, 0, 8, 15, '', ''),
(212, 2, 0, 9, 15, 'PORT 15', '-'),
(213, 2, 0, 10, 15, 'PORT 15', 'EA-01/FTB-05/63'),
(214, 2, 0, 11, 15, 'PORT 15', 'EA-01/FTB-01/70'),
(215, 2, 0, 12, 15, 'PORT 15', 'EA-01/FTB-01/42'),
(216, 2, 0, 13, 15, 'PORT 15', 'EA-01/FTB-01/37'),
(217, 2, 0, 14, 15, 'PORT 15', 'EA-01/FTB-04/111'),
(218, 2, 0, 1, 16, '', ''),
(219, 2, 0, 2, 16, '', ''),
(220, 2, 0, 3, 16, '', ''),
(221, 2, 0, 4, 16, '', ''),
(222, 2, 0, 5, 16, '', ''),
(223, 2, 0, 6, 16, '', ''),
(224, 2, 0, 7, 16, '', ''),
(225, 2, 0, 8, 16, '', ''),
(226, 2, 0, 9, 16, 'PORT 16', 'EA-01/FTB-05/48'),
(227, 2, 0, 10, 16, 'PORT 16', 'EA-01/FTB-05/64'),
(228, 2, 0, 11, 16, 'PORT 16', 'EA-01/FTB-01/43'),
(229, 2, 0, 12, 16, 'PORT 16', 'EA-01/FTB-05/96'),
(230, 2, 0, 13, 16, 'PORT 16', 'EA-01/FTB-01/38'),
(231, 2, 0, 14, 16, 'PORT 16', 'EA-01/FTB-04/112'),
(232, 1, 0, 1, 1, 'PORT 1', '-'),
(233, 1, 0, 2, 1, 'PORT 1', '-'),
(234, 1, 0, 3, 1, 'PORT 1', '-'),
(235, 1, 0, 4, 1, 'PORT 1', '-'),
(236, 1, 0, 5, 1, 'PORT 1', '-'),
(237, 1, 0, 6, 1, 'PORT 1', '-'),
(238, 1, 0, 7, 1, 'PORT 1', '-'),
(239, 1, 0, 8, 1, 'PORT 1', '-'),
(240, 1, 0, 9, 1, 'PORT 1', '-'),
(241, 1, 0, 10, 1, 'PORT 1', '-'),
(242, 1, 0, 1, 2, 'PORT 2', '-'),
(243, 1, 0, 2, 2, 'PORT 2', '-'),
(244, 1, 0, 3, 2, 'PORT 2', '-'),
(245, 1, 0, 4, 2, 'PORT 2', '-'),
(246, 1, 0, 5, 2, 'PORT 2', '-'),
(247, 1, 0, 6, 2, 'PORT 2', '-'),
(248, 1, 0, 7, 2, 'PORT 2', '-'),
(249, 1, 0, 8, 2, 'PORT 2', '-'),
(250, 1, 0, 9, 2, 'PORT 2', '-'),
(251, 1, 0, 10, 2, 'PORT 2', '-'),
(252, 1, 0, 1, 3, 'PORT 3', '-'),
(253, 1, 0, 2, 3, 'PORT 3', '-'),
(254, 1, 0, 3, 3, 'PORT 3', '-'),
(255, 1, 0, 4, 3, 'PORT 3', '-'),
(256, 1, 0, 5, 3, 'PORT 3', '-'),
(257, 1, 0, 6, 3, 'PORT 3', '-'),
(258, 1, 0, 7, 3, 'PORT 3', '-'),
(259, 1, 0, 8, 3, 'PORT 3', '-'),
(260, 1, 0, 9, 3, 'PORT 3', '-'),
(261, 1, 0, 10, 3, 'PORT 3', '-'),
(262, 1, 0, 1, 4, 'PORT 4', '-'),
(263, 1, 0, 2, 4, 'PORT 4', '-'),
(264, 1, 0, 3, 4, 'PORT 4', '-'),
(265, 1, 0, 4, 4, 'PORT 4', '-'),
(266, 1, 0, 5, 4, 'PORT 4', '-'),
(267, 1, 0, 6, 4, 'PORT 4', '-'),
(268, 1, 0, 7, 4, 'PORT 4', '-'),
(269, 1, 0, 8, 4, 'PORT 4', '-'),
(270, 1, 0, 9, 4, 'PORT 4', '-'),
(271, 1, 0, 10, 4, 'PORT 4', '-'),
(272, 3, 1, 1, 1, 'PORT 1', 'EA-01/FTB-01/99'),
(273, 3, 2, 2, 1, 'PORT 1', 'EA-01/FTB-01/129'),
(274, 3, 0, 3, 1, 'PORT 1', 'EA-01/FTB-01/133'),
(275, 3, 0, 4, 1, 'PORT 1', 'EA-01/FTB-01/97'),
(276, 3, 0, 5, 1, 'PORT 1', 'EA-01/FTB-01/106'),
(277, 3, 0, 6, 1, 'PORT 1', 'EA-01/FTB-01/114'),
(278, 3, 0, 7, 1, 'PORT 1', 'EA-01/FTB-01/74'),
(279, 3, 0, 8, 1, 'PORT 1', '-'),
(280, 3, 0, 9, 1, 'PORT 1', 'EA-01/FTB-01/89'),
(281, 3, 0, 10, 1, 'PORT 1', '-'),
(282, 3, 0, 11, 1, 'PORT 1', '-'),
(283, 3, 0, 12, 1, 'PORT 1', 'EA-01/FTB-01/56'),
(284, 3, 0, 13, 1, 'PORT 1', '-'),
(285, 3, 0, 14, 1, 'PORT 1', '-'),
(286, 3, 1, 1, 2, 'PORT 2', 'EA-01/FTB-01/127'),
(287, 3, 2, 2, 2, 'PORT 2', 'EA-01/FTB-01/130'),
(288, 3, 0, 3, 2, 'PORT 2', 'EA-01/FTB-01/138'),
(289, 3, 0, 4, 2, 'PORT 2', 'EA-01/FTB-01/98'),
(290, 3, 0, 5, 2, 'PORT 2', 'EA-01/FTB-01/107'),
(291, 3, 0, 6, 2, 'PORT 2', 'EA-01/FTB-01/115'),
(292, 3, 0, 7, 2, 'PORT 2', '-'),
(293, 3, 0, 8, 2, 'PORT 2', 'EA-01/FTB-01/82'),
(294, 3, 0, 9, 2, 'PORT 2', 'EA-01/FTB-01/90'),
(295, 3, 0, 10, 2, 'PORT 2', '-'),
(296, 3, 0, 11, 2, 'PORT 2', 'EA-01/FTB-01/49'),
(297, 3, 0, 12, 2, 'PORT 2', 'EA-01/FTB-01/07'),
(298, 3, 0, 13, 2, 'PORT 2', '-'),
(299, 3, 0, 14, 2, 'PORT 2', 'EA-01/FTB-01/01'),
(300, 3, 1, 1, 3, 'PORT 3', 'EA-01/FTB-01/123'),
(301, 3, 2, 2, 3, 'PORT 3', 'EA-01/FTB-01/103'),
(302, 3, 0, 3, 3, 'PORT 3', '-'),
(303, 3, 0, 4, 3, 'PORT 3', 'EA-01/FTB-01/54'),
(304, 3, 0, 5, 3, 'PORT 3', 'EA-01/FTB-01/108'),
(305, 3, 0, 6, 3, 'PORT 3', 'EA-01/FTB-01/116'),
(306, 3, 0, 7, 3, 'PORT 3', 'EA-01/FTB-01/76'),
(307, 3, 0, 8, 3, 'PORT 3', 'EA-01/FTB-01/83'),
(308, 3, 0, 9, 3, 'PORT 3', '-'),
(309, 3, 0, 10, 3, 'PORT 3', '-'),
(310, 3, 0, 11, 3, 'PORT 3', 'EA-01/FTB-01/50'),
(311, 3, 0, 12, 3, 'PORT 3', 'EA-01/FTB-01/58'),
(312, 3, 0, 13, 3, 'PORT 3', '-'),
(313, 3, 0, 14, 3, 'PORT 3', 'EA-01/FTB-01/02'),
(314, 3, 1, 1, 4, 'PORT 4', 'EA-01/FTB-01/124'),
(315, 3, 2, 2, 4, 'PORT 4', 'EA-01/FTB-01/132'),
(316, 3, 0, 3, 4, 'PORT 4', 'EA-01/FTB-01/140'),
(317, 3, 0, 4, 4, 'PORT 4', 'EA-01/FTB-01/100'),
(318, 3, 0, 5, 4, 'PORT 4', 'EA-01/FTB-01/109'),
(319, 3, 0, 6, 4, 'PORT 4', 'EA-01/FTB-01/117'),
(320, 3, 0, 7, 4, 'PORT 4', 'EA-01/FTB-01/77'),
(321, 3, 0, 8, 4, 'PORT 4', '-'),
(322, 3, 0, 9, 4, 'PORT 4', '-'),
(323, 3, 0, 10, 4, 'PORT 4', 'EA-01/FTB-01/05'),
(324, 3, 0, 11, 4, 'PORT 4', 'EA-01/FTB-01/51'),
(325, 3, 0, 12, 4, 'PORT 4', 'EA-01/FTB-01/59'),
(326, 3, 0, 13, 4, 'PORT 4', '-'),
(327, 3, 0, 14, 4, 'PORT 4', 'EA-01/FTB-01/03'),
(328, 3, 1, 1, 5, 'PORT 5', 'EA-01/FTB-01/125'),
(329, 3, 2, 2, 5, 'PORT 5', 'EA-01/FTB-01/95'),
(330, 3, 0, 3, 5, 'PORT 5', 'EA-01/FTB-01/141'),
(331, 3, 0, 4, 5, 'PORT 5', 'EA-01/FTB-01/101'),
(332, 3, 0, 5, 5, 'PORT 5', 'EA-01/FTB-01/110'),
(333, 3, 0, 6, 5, 'PORT 5', 'EA-01/FTB-01/118'),
(334, 3, 0, 7, 5, 'PORT 5', 'EA-01/FTB-01/78'),
(335, 3, 0, 8, 5, 'PORT 5', 'EA-01/FTB-01/85'),
(336, 3, 0, 9, 5, 'PORT 5', '-'),
(337, 3, 0, 10, 5, 'PORT 5', '-'),
(338, 3, 0, 11, 5, 'PORT 5', 'EA-01/FTB-01/52'),
(339, 3, 0, 12, 5, 'PORT 5', 'EA-01/FTB-01/60'),
(340, 3, 0, 13, 5, 'PORT 5', '-'),
(341, 3, 0, 14, 5, 'PORT 5', '-'),
(342, 3, 1, 1, 6, 'PORT 6', 'EA-01/FTB-01/126'),
(343, 3, 2, 2, 6, 'PORT 6', 'EA-01/FTB-01/134'),
(344, 3, 0, 3, 6, 'PORT 6', 'EA-01/FTB-01/142'),
(345, 3, 0, 4, 6, 'PORT 6', 'EA-01/FTB-01/102'),
(346, 3, 0, 5, 6, 'PORT 6', 'EA-01/FTB-01/111'),
(347, 3, 0, 6, 6, 'PORT 6', 'EA-01/FTB-01/119'),
(348, 3, 0, 7, 6, 'PORT 6', 'EA-01/FTB-01/91'),
(349, 3, 0, 8, 6, 'PORT 6', 'EA-01/FTB-01/86'),
(350, 3, 0, 9, 6, 'PORT 6', '-'),
(351, 3, 0, 10, 6, 'PORT 6', 'EA-01/FTB-01/08'),
(352, 3, 0, 11, 6, 'PORT 6', 'EA-01/FTB-01/53'),
(353, 3, 0, 12, 6, 'PORT 6', 'EA-01/FTB-01/62'),
(354, 3, 0, 13, 6, 'PORT 6', '-'),
(355, 3, 0, 14, 6, 'PORT 6', '-'),
(356, 3, 1, 1, 7, 'PORT 7', 'EA-01/FTB-01/93'),
(357, 3, 2, 2, 7, 'PORT 7', 'EA-01/FTB-01/135'),
(358, 3, 0, 3, 7, 'PORT 7', 'EA-01/FTB-01/143'),
(359, 3, 0, 4, 7, 'PORT 7', 'EA-01/FTB-01/104'),
(360, 3, 0, 5, 7, 'PORT 7', 'EA-01/FTB-01/112'),
(361, 3, 0, 6, 7, 'PORT 7', 'EA-01/FTB-01/120'),
(362, 3, 0, 7, 7, 'PORT 7', 'EA-01/FTB-01/80'),
(363, 3, 0, 8, 7, 'PORT 7', 'EA-01/FTB-01/92'),
(364, 3, 0, 9, 7, 'PORT 7', '-'),
(365, 3, 0, 10, 7, 'PORT 7', '-'),
(366, 3, 0, 11, 7, 'PORT 7', 'EA-01/FTB-01/54'),
(367, 3, 0, 12, 7, 'PORT 7', 'EA-01/FTB-01/06'),
(368, 3, 0, 13, 7, 'PORT 7', '-'),
(369, 3, 0, 14, 7, 'PORT 7', '-'),
(370, 3, 1, 1, 8, 'PORT 8', '-'),
(371, 3, 2, 2, 8, 'PORT 8', 'EA-01/FTB-01/136'),
(372, 3, 0, 3, 8, 'PORT 8', '-'),
(373, 3, 0, 4, 8, 'PORT 8', 'EA-01/FTB-01/105'),
(374, 3, 0, 5, 8, 'PORT 8', 'EA-01/FTB-01/113'),
(375, 3, 0, 6, 8, 'PORT 8', 'EA-01/FTB-01/73'),
(376, 3, 0, 7, 8, 'PORT 8', 'EA-01/FTB-01/81'),
(377, 3, 0, 8, 8, 'PORT 8', 'EA-01/FTB-01/88'),
(378, 3, 0, 9, 8, 'PORT 8', '-'),
(379, 3, 0, 10, 8, 'PORT 8', '-'),
(380, 3, 0, 11, 8, 'PORT 8', 'EA-01/FTB-01/55'),
(381, 3, 0, 12, 8, 'PORT 8', 'EA-01/FTB-01/63'),
(382, 3, 0, 13, 8, 'PORT 8', '-'),
(383, 3, 0, 14, 8, 'PORT 8', '-'),
(384, 3, 0, 1, 9, '', ''),
(385, 3, 2, 2, 9, 'PORT 9', '-'),
(386, 3, 0, 3, 9, '', ''),
(387, 3, 0, 4, 9, '', ''),
(388, 3, 0, 5, 9, '', ''),
(389, 3, 0, 6, 9, '', ''),
(390, 3, 0, 7, 9, '', ''),
(391, 3, 0, 8, 9, '', ''),
(392, 3, 0, 9, 9, '', ''),
(393, 3, 0, 10, 9, '', ''),
(394, 3, 0, 11, 9, '', ''),
(395, 3, 0, 12, 9, '', ''),
(396, 3, 0, 13, 9, '', ''),
(397, 3, 0, 14, 9, '', ''),
(398, 3, 0, 1, 10, '', ''),
(399, 3, 2, 2, 10, 'PORT 10', '-'),
(400, 3, 0, 3, 10, '', ''),
(401, 3, 0, 4, 10, '', ''),
(402, 3, 0, 5, 10, '', ''),
(403, 3, 0, 6, 10, '', ''),
(404, 3, 0, 7, 10, '', ''),
(405, 3, 0, 8, 10, '', ''),
(406, 3, 0, 9, 10, '', ''),
(407, 3, 0, 10, 10, '', ''),
(408, 3, 0, 11, 10, '', ''),
(409, 3, 0, 12, 10, '', ''),
(410, 3, 0, 13, 10, '', ''),
(411, 3, 0, 14, 10, '', ''),
(412, 3, 0, 1, 11, '', ''),
(413, 3, 2, 2, 11, 'PORT 11', '-'),
(414, 3, 0, 3, 11, '', ''),
(415, 3, 0, 4, 11, '', ''),
(416, 3, 0, 5, 11, '', ''),
(417, 3, 0, 6, 11, '', ''),
(418, 3, 0, 7, 11, '', ''),
(419, 3, 0, 8, 11, '', ''),
(420, 3, 0, 9, 11, '', ''),
(421, 3, 0, 10, 11, '', ''),
(422, 3, 0, 11, 11, '', ''),
(423, 3, 0, 12, 11, '', ''),
(424, 3, 0, 13, 11, '', ''),
(425, 3, 0, 14, 11, '', ''),
(426, 3, 0, 1, 12, '', ''),
(427, 3, 2, 2, 12, 'PORT 12', '-'),
(428, 3, 0, 3, 12, '', ''),
(429, 3, 0, 4, 12, '', ''),
(430, 3, 0, 5, 12, '', ''),
(431, 3, 0, 6, 12, '', ''),
(432, 3, 0, 7, 12, '', ''),
(433, 3, 0, 8, 12, '', ''),
(434, 3, 0, 9, 12, '', ''),
(435, 3, 0, 10, 12, '', ''),
(436, 3, 0, 11, 12, '', ''),
(437, 3, 0, 12, 12, '', ''),
(438, 3, 0, 13, 12, '', ''),
(439, 3, 0, 14, 12, '', ''),
(440, 3, 0, 1, 13, '', ''),
(441, 3, 2, 2, 13, 'PORT 13', '-'),
(442, 3, 0, 3, 13, '', ''),
(443, 3, 0, 4, 13, '', ''),
(444, 3, 0, 5, 13, '', ''),
(445, 3, 0, 6, 13, '', ''),
(446, 3, 0, 7, 13, '', ''),
(447, 3, 0, 8, 13, '', ''),
(448, 3, 0, 9, 13, '', ''),
(449, 3, 0, 10, 13, '', ''),
(450, 3, 0, 11, 13, '', ''),
(451, 3, 0, 12, 13, '', ''),
(452, 3, 0, 13, 13, '', ''),
(453, 3, 0, 14, 13, '', ''),
(454, 3, 0, 1, 14, '', ''),
(455, 3, 2, 2, 14, 'PORT 14', '-'),
(456, 3, 0, 3, 14, '', ''),
(457, 3, 0, 4, 14, '', ''),
(458, 3, 0, 5, 14, '', ''),
(459, 3, 0, 6, 14, '', ''),
(460, 3, 0, 7, 14, '', ''),
(461, 3, 0, 8, 14, '', ''),
(462, 3, 0, 9, 14, '', ''),
(463, 3, 0, 10, 14, '', ''),
(464, 3, 0, 11, 14, '', ''),
(465, 3, 0, 12, 14, '', ''),
(466, 3, 0, 13, 14, '', ''),
(467, 3, 0, 14, 14, '', ''),
(468, 3, 0, 1, 15, '', ''),
(469, 3, 2, 2, 15, 'PORT 15', '-'),
(470, 3, 0, 3, 15, '', ''),
(471, 3, 0, 4, 15, '', ''),
(472, 3, 0, 5, 15, '', ''),
(473, 3, 0, 6, 15, '', ''),
(474, 3, 0, 7, 15, '', ''),
(475, 3, 0, 8, 15, '', ''),
(476, 3, 0, 9, 15, '', ''),
(477, 3, 0, 10, 15, '', ''),
(478, 3, 0, 11, 15, '', ''),
(479, 3, 0, 12, 15, '', ''),
(480, 3, 0, 13, 15, '', ''),
(481, 3, 0, 14, 15, '', ''),
(482, 3, 0, 1, 16, '', ''),
(483, 3, 2, 2, 16, 'PORT 16', '-'),
(484, 3, 0, 3, 16, '', ''),
(485, 3, 0, 4, 16, '', ''),
(486, 3, 0, 5, 16, '', ''),
(487, 3, 0, 6, 16, '', ''),
(488, 3, 0, 7, 16, '', ''),
(489, 3, 0, 8, 16, '', ''),
(490, 3, 0, 9, 16, '', ''),
(491, 3, 0, 10, 16, '', ''),
(492, 3, 0, 11, 16, '', ''),
(493, 3, 0, 12, 16, '', ''),
(494, 3, 0, 13, 16, '', ''),
(495, 3, 0, 14, 16, '', ''),
(496, 4, 0, 1, 1, 'PORT 1', '-'),
(497, 4, 0, 2, 1, 'PORT 1', '-'),
(498, 4, 0, 3, 1, 'PORT 1', '-'),
(499, 4, 0, 4, 1, 'PORT 1', '-'),
(500, 4, 0, 5, 1, 'PORT 1', '-'),
(501, 4, 0, 6, 1, 'PORT 1', '-'),
(502, 4, 0, 7, 1, 'PORT 1', '-'),
(503, 4, 0, 8, 1, 'PORT 1', '-'),
(504, 4, 0, 9, 1, 'PORT 1', '-'),
(505, 4, 0, 10, 1, 'PORT 1', '-'),
(506, 4, 0, 11, 1, 'PORT 1', '-'),
(507, 4, 0, 12, 1, 'PORT 1', '-'),
(508, 4, 0, 13, 1, 'PORT 1', '-'),
(509, 4, 0, 14, 1, 'PORT 1', '-'),
(510, 4, 0, 1, 2, 'PORT 2', '-'),
(511, 4, 0, 2, 2, 'PORT 2', '-'),
(512, 4, 0, 3, 2, 'PORT 2', '-'),
(513, 4, 0, 4, 2, 'PORT 2', '-'),
(514, 4, 0, 5, 2, 'PORT 2', '-'),
(515, 4, 0, 6, 2, 'PORT 2', '-'),
(516, 4, 0, 7, 2, 'PORT 2', '-'),
(517, 4, 0, 8, 2, 'PORT 2', '-'),
(518, 4, 0, 9, 2, 'PORT 2', '-'),
(519, 4, 0, 10, 2, 'PORT 2', '-'),
(520, 4, 0, 11, 2, 'PORT 2', '-'),
(521, 4, 0, 12, 2, 'PORT 2', '-'),
(522, 4, 0, 13, 2, 'PORT 2', '-'),
(523, 4, 0, 14, 2, 'PORT 2', '-'),
(524, 4, 0, 1, 3, 'PORT 3', '-'),
(525, 4, 0, 2, 3, 'PORT 3', '-'),
(526, 4, 0, 3, 3, 'PORT 3', '-'),
(527, 4, 0, 4, 3, 'PORT 3', '-'),
(528, 4, 0, 5, 3, 'PORT 3', '-'),
(529, 4, 0, 6, 3, 'PORT 3', '-'),
(530, 4, 0, 7, 3, 'PORT 3', '-'),
(531, 4, 0, 8, 3, 'PORT 3', '-'),
(532, 4, 0, 9, 3, 'PORT 3', '-'),
(533, 4, 0, 10, 3, 'PORT 3', '-'),
(534, 4, 0, 11, 3, 'PORT 3', '-'),
(535, 4, 0, 12, 3, 'PORT 3', '-'),
(536, 4, 0, 13, 3, 'PORT 3', '-'),
(537, 4, 0, 14, 3, 'PORT 3', '-'),
(538, 4, 0, 1, 4, 'PORT 4', '-'),
(539, 4, 0, 2, 4, 'PORT 4', '-'),
(540, 4, 0, 3, 4, 'PORT 4', '-'),
(541, 4, 0, 4, 4, 'PORT 4', '-'),
(542, 4, 0, 5, 4, 'PORT 4', '-'),
(543, 4, 0, 6, 4, 'PORT 4', '-'),
(544, 4, 0, 7, 4, 'PORT 4', '-'),
(545, 4, 0, 8, 4, 'PORT 4', '-'),
(546, 4, 0, 9, 4, 'PORT 4', '-'),
(547, 4, 0, 10, 4, 'PORT 4', '-'),
(548, 4, 0, 11, 4, 'PORT 4', '-'),
(549, 4, 0, 12, 4, 'PORT 4', '-'),
(550, 4, 0, 13, 4, 'PORT 4', '-'),
(551, 4, 0, 14, 4, 'PORT 4', '-'),
(552, 4, 0, 1, 5, 'PORT 5', '-'),
(553, 4, 0, 2, 5, 'PORT 5', '-'),
(554, 4, 0, 3, 5, 'PORT 5', '-'),
(555, 4, 0, 4, 5, 'PORT 5', '-'),
(556, 4, 0, 5, 5, 'PORT 5', '-'),
(557, 4, 0, 6, 5, 'PORT 5', '-'),
(558, 4, 0, 7, 5, 'PORT 5', '-'),
(559, 4, 0, 8, 5, 'PORT 5', '-'),
(560, 4, 0, 9, 5, 'PORT 5', '-'),
(561, 4, 0, 10, 5, 'PORT 5', '-'),
(562, 4, 0, 11, 5, 'PORT 5', '-'),
(563, 4, 0, 12, 5, 'PORT 5', '-'),
(564, 4, 0, 13, 5, 'PORT 5', '-'),
(565, 4, 0, 14, 5, 'PORT 5', '-'),
(566, 4, 0, 1, 6, 'PORT 6', '-'),
(567, 4, 0, 2, 6, 'PORT 6', '-'),
(568, 4, 0, 3, 6, 'PORT 6', '-'),
(569, 4, 0, 4, 6, 'PORT 6', '-'),
(570, 4, 0, 5, 6, 'PORT 6', '-'),
(571, 4, 0, 6, 6, 'PORT 6', '-'),
(572, 4, 0, 7, 6, 'PORT 6', '-'),
(573, 4, 0, 8, 6, 'PORT 6', '-'),
(574, 4, 0, 9, 6, 'PORT 6', '-'),
(575, 4, 0, 10, 6, 'PORT 6', '-'),
(576, 4, 0, 11, 6, 'PORT 6', '-'),
(577, 4, 0, 12, 6, 'PORT 6', '-'),
(578, 4, 0, 13, 6, 'PORT 6', '-'),
(579, 4, 0, 14, 6, 'PORT 6', '-'),
(580, 4, 0, 1, 7, 'PORT 7', '-'),
(581, 4, 0, 2, 7, 'PORT 7', '-'),
(582, 4, 0, 3, 7, 'PORT 7', '-'),
(583, 4, 0, 4, 7, 'PORT 7', '-'),
(584, 4, 0, 5, 7, 'PORT 7', '-'),
(585, 4, 0, 6, 7, 'PORT 7', '-'),
(586, 4, 0, 7, 7, 'PORT 7', '-'),
(587, 4, 0, 8, 7, 'PORT 7', '-'),
(588, 4, 0, 9, 7, 'PORT 7', '-'),
(589, 4, 0, 10, 7, 'PORT 7', '-'),
(590, 4, 0, 11, 7, 'PORT 7', '-'),
(591, 4, 0, 12, 7, 'PORT 7', '-'),
(592, 4, 0, 13, 7, 'PORT 7', '-'),
(593, 4, 0, 14, 7, 'PORT 7', '-'),
(594, 4, 0, 1, 8, 'PORT 8', '-'),
(595, 4, 0, 2, 8, 'PORT 8', '-'),
(596, 4, 0, 3, 8, 'PORT 8', '-'),
(597, 4, 0, 4, 8, 'PORT 8', '-'),
(598, 4, 0, 5, 8, 'PORT 8', '-'),
(599, 4, 0, 6, 8, 'PORT 8', '-'),
(600, 4, 0, 7, 8, 'PORT 8', '-'),
(601, 4, 0, 8, 8, 'PORT 8', '-'),
(602, 4, 0, 9, 8, 'PORT 8', '-'),
(603, 4, 0, 10, 8, 'PORT 8', '-'),
(604, 4, 0, 11, 8, 'PORT 8', '-'),
(605, 4, 0, 12, 8, 'PORT 8', '-'),
(606, 4, 0, 13, 8, 'PORT 8', '-'),
(607, 4, 0, 14, 8, 'PORT 8', '-'),
(608, 4, 0, 1, 9, 'PORT 9', '-'),
(609, 4, 0, 2, 9, 'PORT 9', '-'),
(610, 4, 0, 3, 9, 'PORT 9', '-'),
(611, 4, 0, 4, 9, 'PORT 9', '-'),
(612, 4, 0, 5, 9, 'PORT 9', '-'),
(613, 4, 0, 6, 9, 'PORT 9', '-'),
(614, 4, 0, 7, 9, 'PORT 9', '-'),
(615, 4, 0, 8, 9, 'PORT 9', '-'),
(616, 4, 0, 9, 9, 'PORT 9', '-'),
(617, 4, 0, 10, 9, 'PORT 9', '-'),
(618, 4, 0, 11, 9, 'PORT 9', '-'),
(619, 4, 0, 12, 9, 'PORT 9', '-'),
(620, 4, 0, 13, 9, 'PORT 9', '-'),
(621, 4, 0, 14, 9, 'PORT 9', '-'),
(622, 4, 0, 1, 10, 'PORT 10', '-'),
(623, 4, 0, 2, 10, 'PORT 10', '-'),
(624, 4, 0, 3, 10, 'PORT 10', '-'),
(625, 4, 0, 4, 10, 'PORT 10', '-'),
(626, 4, 0, 5, 10, 'PORT 10', '-'),
(627, 4, 0, 6, 10, 'PORT 10', '-'),
(628, 4, 0, 7, 10, 'PORT 10', '-'),
(629, 4, 0, 8, 10, 'PORT 10', '-'),
(630, 4, 0, 9, 10, 'PORT 10', '-'),
(631, 4, 0, 10, 10, 'PORT 10', '-'),
(632, 4, 0, 11, 10, 'PORT 10', '-'),
(633, 4, 0, 12, 10, 'PORT 10', '-'),
(634, 4, 0, 13, 10, 'PORT 10', '-'),
(635, 4, 0, 14, 10, 'PORT 10', '-'),
(636, 4, 0, 1, 11, 'PORT 11', '-'),
(637, 4, 0, 2, 11, 'PORT 11', '-'),
(638, 4, 0, 3, 11, 'PORT 11', '-'),
(639, 4, 0, 4, 11, 'PORT 11', '-'),
(640, 4, 0, 5, 11, 'PORT 11', '-'),
(641, 4, 0, 6, 11, 'PORT 11', '-'),
(642, 4, 0, 7, 11, 'PORT 11', '-'),
(643, 4, 0, 8, 11, 'PORT 11', '-'),
(644, 4, 0, 9, 11, 'PORT 11', '-'),
(645, 4, 0, 10, 11, 'PORT 11', '-'),
(646, 4, 0, 11, 11, 'PORT 11', '-'),
(647, 4, 0, 12, 11, 'PORT 11', '-'),
(648, 4, 0, 13, 11, 'PORT 11', '-'),
(649, 4, 0, 14, 11, 'PORT 11', '-'),
(650, 4, 0, 1, 12, 'PORT 12', '-'),
(651, 4, 0, 2, 12, 'PORT 12', '-'),
(652, 4, 0, 3, 12, 'PORT 12', '-'),
(653, 4, 0, 4, 12, 'PORT 12', '-'),
(654, 4, 0, 5, 12, 'PORT 12', '-'),
(655, 4, 0, 6, 12, 'PORT 12', '-'),
(656, 4, 0, 7, 12, 'PORT 12', '-'),
(657, 4, 0, 8, 12, 'PORT 12', '-'),
(658, 4, 0, 9, 12, 'PORT 12', '-'),
(659, 4, 0, 10, 12, 'PORT 12', '-'),
(660, 4, 0, 11, 12, 'PORT 12', '-'),
(661, 4, 0, 12, 12, 'PORT 12', '-'),
(662, 4, 0, 13, 12, 'PORT 12', '-'),
(663, 4, 0, 14, 12, 'PORT 12', '-'),
(664, 4, 0, 1, 13, 'PORT 13', '-'),
(665, 4, 0, 2, 13, 'PORT 13', '-'),
(666, 4, 0, 3, 13, 'PORT 13', '-'),
(667, 4, 0, 4, 13, 'PORT 13', '-'),
(668, 4, 0, 5, 13, 'PORT 13', '-'),
(669, 4, 0, 6, 13, 'PORT 13', '-'),
(670, 4, 0, 7, 13, 'PORT 13', '-'),
(671, 4, 0, 8, 13, 'PORT 13', '-'),
(672, 4, 0, 9, 13, 'PORT 13', '-'),
(673, 4, 0, 10, 13, 'PORT 13', '-'),
(674, 4, 0, 11, 13, 'PORT 13', '-'),
(675, 4, 0, 12, 13, 'PORT 13', '-'),
(676, 4, 0, 13, 13, 'PORT 13', '-'),
(677, 4, 0, 14, 13, 'PORT 13', '-'),
(678, 4, 0, 1, 14, 'PORT 14', '-'),
(679, 4, 0, 2, 14, 'PORT 14', '-'),
(680, 4, 0, 3, 14, 'PORT 14', '-'),
(681, 4, 0, 4, 14, 'PORT 14', '-'),
(682, 4, 0, 5, 14, 'PORT 14', '-'),
(683, 4, 0, 6, 14, 'PORT 14', '-'),
(684, 4, 0, 7, 14, 'PORT 14', '-'),
(685, 4, 0, 8, 14, 'PORT 14', '-'),
(686, 4, 0, 9, 14, 'PORT 14', '-'),
(687, 4, 0, 10, 14, 'PORT 14', '-'),
(688, 4, 0, 11, 14, 'PORT 14', '-'),
(689, 4, 0, 12, 14, 'PORT 14', '-'),
(690, 4, 0, 13, 14, 'PORT 14', '-'),
(691, 4, 0, 14, 14, 'PORT 14', '-'),
(692, 4, 0, 1, 15, 'PORT 15', '-'),
(693, 4, 0, 2, 15, 'PORT 15', '-'),
(694, 4, 0, 3, 15, 'PORT 15', '-'),
(695, 4, 0, 4, 15, 'PORT 15', '-'),
(696, 4, 0, 5, 15, 'PORT 15', '-'),
(697, 4, 0, 6, 15, 'PORT 15', '-'),
(698, 4, 0, 7, 15, 'PORT 15', '-'),
(699, 4, 0, 8, 15, 'PORT 15', '-'),
(700, 4, 0, 9, 15, 'PORT 15', '-'),
(701, 4, 0, 10, 15, 'PORT 15', '-'),
(702, 4, 0, 11, 15, 'PORT 15', '-'),
(703, 4, 0, 12, 15, 'PORT 15', '-'),
(704, 4, 0, 13, 15, 'PORT 15', '-'),
(705, 4, 0, 14, 15, 'PORT 15', '-'),
(706, 4, 0, 1, 16, 'PORT 16', '-'),
(707, 4, 0, 2, 16, 'PORT 16', '-'),
(708, 4, 0, 3, 16, 'PORT 16', '-'),
(709, 4, 0, 4, 16, 'PORT 16', '-'),
(710, 4, 0, 5, 16, 'PORT 16', '-'),
(711, 4, 0, 6, 16, 'PORT 16', '-'),
(712, 4, 0, 7, 16, 'PORT 16', '-'),
(713, 4, 0, 8, 16, 'PORT 16', '-'),
(714, 4, 0, 9, 16, 'PORT 16', '-'),
(715, 4, 0, 10, 16, 'PORT 16', '-'),
(716, 4, 0, 11, 16, 'PORT 16', '-'),
(717, 4, 0, 12, 16, 'PORT 16', '-'),
(718, 4, 0, 13, 16, 'PORT 16', '-'),
(719, 4, 0, 14, 16, 'PORT 16', '-');

-- --------------------------------------------------------

--
-- Table structure for table `tb_panel`
--

CREATE TABLE `tb_panel` (
  `id_panel` int(2) NOT NULL,
  `name` varchar(10) NOT NULL
) ENGINE=InnoDB DEFAULT CHARSET=latin1;

--
-- Dumping data for table `tb_panel`
--

INSERT INTO `tb_panel` (`id_panel`, `name`) VALUES
(1, 'PANEL1'),
(2, 'PANEL2'),
(3, 'PANEL3'),
(4, 'PANEL4'),
(5, 'PANEL5'),
(6, 'PANEL6'),
(7, 'PANEL7'),
(8, 'PANEL8'),
(9, 'PANEL9'),
(10, 'PANEL10'),
(11, 'PANEL11'),
(12, 'PANEL12'),
(13, 'PANEL13'),
(14, 'PANEL14'),
(15, 'PANEL15'),
(16, 'PANEL16'),
(17, 'PANEL17'),
(18, 'PANEL18'),
(19, 'PANEL19'),
(20, 'PANEL21'),
(22, 'PANEL22'),
(23, 'PANEL23'),
(24, 'PANEL24'),
(25, 'PANEL25'),
(26, 'PANEL26');

--
-- Indexes for dumped tables
--

--
-- Indexes for table `alpro`
--
ALTER TABLE `alpro`
  ADD PRIMARY KEY (`id`);

--
-- Indexes for table `ftm`
--
ALTER TABLE `ftm`
  ADD PRIMARY KEY (`id`);

--
-- Indexes for table `logbook`
--
ALTER TABLE `logbook`
  ADD PRIMARY KEY (`id`);

--
-- Indexes for table `member`
--
ALTER TABLE `member`
  ADD PRIMARY KEY (`id`);

--
-- Indexes for table `odc`
--
ALTER TABLE `odc`
  ADD PRIMARY KEY (`id`);

--
-- Indexes for table `olt`
--
ALTER TABLE `olt`
  ADD PRIMARY KEY (`id`);

--
-- Indexes for table `sto`
--
ALTER TABLE `sto`
  ADD PRIMARY KEY (`id`);

--
-- Indexes for table `tb_color`
--
ALTER TABLE `tb_color`
  ADD PRIMARY KEY (`id`);

--
-- Indexes for table `tb_colorin`
--
ALTER TABLE `tb_colorin`
  ADD PRIMARY KEY (`id`);

--
-- Indexes for table `tb_distribution`
--
ALTER TABLE `tb_distribution`
  ADD PRIMARY KEY (`id`);

--
-- Indexes for table `tb_feeder`
--
ALTER TABLE `tb_feeder`
  ADD PRIMARY KEY (`id`);

--
-- Indexes for table `tb_ftm`
--
ALTER TABLE `tb_ftm`
  ADD PRIMARY KEY (`id`);

--
-- Indexes for table `tb_olt`
--
ALTER TABLE `tb_olt`
  ADD PRIMARY KEY (`id`);

--
-- Indexes for table `tb_panel`
--
ALTER TABLE `tb_panel`
  ADD PRIMARY KEY (`id_panel`);

--
-- AUTO_INCREMENT for dumped tables
--

--
-- AUTO_INCREMENT for table `alpro`
--
ALTER TABLE `alpro`
  MODIFY `id` int(11) NOT NULL AUTO_INCREMENT, AUTO_INCREMENT=38;

--
-- AUTO_INCREMENT for table `ftm`
--
ALTER TABLE `ftm`
  MODIFY `id` int(3) NOT NULL AUTO_INCREMENT, AUTO_INCREMENT=15;

--
-- AUTO_INCREMENT for table `logbook`
--
ALTER TABLE `logbook`
  MODIFY `id` int(11) NOT NULL AUTO_INCREMENT, AUTO_INCREMENT=88;

--
-- AUTO_INCREMENT for table `member`
--
ALTER TABLE `member`
  MODIFY `id` int(11) NOT NULL AUTO_INCREMENT, AUTO_INCREMENT=3;

--
-- AUTO_INCREMENT for table `odc`
--
ALTER TABLE `odc`
  MODIFY `id` int(3) NOT NULL AUTO_INCREMENT, AUTO_INCREMENT=30;

--
-- AUTO_INCREMENT for table `olt`
--
ALTER TABLE `olt`
  MODIFY `id` int(3) NOT NULL AUTO_INCREMENT, AUTO_INCREMENT=5;

--
-- AUTO_INCREMENT for table `sto`
--
ALTER TABLE `sto`
  MODIFY `id` int(3) NOT NULL AUTO_INCREMENT, AUTO_INCREMENT=8;

--
-- AUTO_INCREMENT for table `tb_color`
--
ALTER TABLE `tb_color`
  MODIFY `id` int(3) NOT NULL AUTO_INCREMENT, AUTO_INCREMENT=101;

--
-- AUTO_INCREMENT for table `tb_colorin`
--
ALTER TABLE `tb_colorin`
  MODIFY `id` int(2) NOT NULL AUTO_INCREMENT, AUTO_INCREMENT=417;

--
-- AUTO_INCREMENT for table `tb_distribution`
--
ALTER TABLE `tb_distribution`
  MODIFY `id` int(2) NOT NULL AUTO_INCREMENT, AUTO_INCREMENT=13;

--
-- AUTO_INCREMENT for table `tb_feeder`
--
ALTER TABLE `tb_feeder`
  MODIFY `id` int(5) NOT NULL AUTO_INCREMENT, AUTO_INCREMENT=856;

--
-- AUTO_INCREMENT for table `tb_ftm`
--
ALTER TABLE `tb_ftm`
  MODIFY `id` int(5) NOT NULL AUTO_INCREMENT, AUTO_INCREMENT=1472;

--
-- AUTO_INCREMENT for table `tb_olt`
--
ALTER TABLE `tb_olt`
  MODIFY `id` int(5) NOT NULL AUTO_INCREMENT, AUTO_INCREMENT=720;

--
-- AUTO_INCREMENT for table `tb_panel`
--
ALTER TABLE `tb_panel`
  MODIFY `id_panel` int(2) NOT NULL AUTO_INCREMENT, AUTO_INCREMENT=27;
COMMIT;

/*!40101 SET CHARACTER_SET_CLIENT=@OLD_CHARACTER_SET_CLIENT */;
/*!40101 SET CHARACTER_SET_RESULTS=@OLD_CHARACTER_SET_RESULTS */;
/*!40101 SET COLLATION_CONNECTION=@OLD_COLLATION_CONNECTION */;
